playlist_id,playlist_name,author,Amount_of_play,Playlist_link,Playlist_label
2406021099,收集那些名字超长的歌,我仍然很差劲啊,18万,https://music.163.com//playlist?id=2406021099,流行、说唱、轻音乐
2625150755,司琛姥爷的歌单,司琛瘦了,42万,https://music.163.com//playlist?id=2625150755,欧美、说唱
2919187927,『Trap&Rap』可甜可盐,Ceaoee,92万,https://music.163.com//playlist?id=2919187927,说唱、另类/独立、流行
2653625777,唱盘艺术: 当HipHop遇上搓碟,Ghostface_Killers,37万,https://music.163.com//playlist?id=2653625777,欧美、说唱、怀旧
2852805110,E标【禁 止 收 藏】,GUSTOM_,26万,https://music.163.com//playlist?id=2852805110,欧美、说唱、流行
2037359096,Old Skool 老派f唱,BoogieTedd,77万,https://music.163.com//playlist?id=2037359096,说唱、爵士、欧美
2518817410,德鲁大叔御用歌单,陈曦曦曦儿,204万,https://music.163.com//playlist?id=2518817410,运动、说唱
544798906,Trap丨令人沉迷的随性说唱,避难所Shelter,2955万,https://music.163.com//playlist?id=544798906,欧美、说唱
990015063,尝一口你就知道敲甜的rap［情歌2.0］,Aloneha,33万,https://music.163.com//playlist?id=990015063,华语、说唱、浪漫
2873390435,超新声代女歌手盘点｜欧美篇,TaylorSwiftUpdates,111万,https://music.163.com//playlist?id=2873390435,欧美、流行、说唱
2975510329,2019年最吊的Hook,Sauce420,187万,https://music.163.com//playlist?id=2975510329,说唱、欧美
2186405575,【Rap】说唱嘛 跟着晃就完事了,HolyGrail98888,452万,https://music.163.com//playlist?id=2186405575,欧美、说唱、兴奋
2913623900,欧美新生代榜$ $ $,pop-out,48万,https://music.163.com//playlist?id=2913623900,说唱、欧美
2556087689,中国有嘻哈Gai周延,CSGO窗帘,56万,https://music.163.com//playlist?id=2556087689,说唱、网络歌曲、KTV
3017731066,超好听的温柔的宝藏rap,我鲁班不坑,189万,https://music.163.com//playlist?id=3017731066,说唱、流行、华语
2279669014,hip hop 经典黑人、匪帮说唱,Mijinyan,160万,https://music.163.com//playlist?id=2279669014,说唱、雷鬼、R&amp;B/Soul
743736135,你需要的欧美说唱歌单,你凯文老师,375万,https://music.163.com//playlist?id=743736135,欧美、说唱、流行
3110875084,R.I.P.?“27岁俱乐部”?,说唱HIPHOP,16万,https://music.163.com//playlist?id=3110875084,欧美、说唱、治愈
2523624603,迷幻Trap|嘻哈毒鸡汤,SteveRillex,438万,https://music.163.com//playlist?id=2523624603,欧美、说唱、电子
2330606043,「G-Funk」当说唱遇上放克乐,Ghostface_Killers,169万,https://music.163.com//playlist?id=2330606043,欧美、说唱、怀旧
2948843083,超甜Rap｜超棒的走心旋律,Hous-Music,410万,https://music.163.com//playlist?id=2948843083,说唱、流行、浪漫
2894740916,打球，训练，运球，投篮。 节奏训练,awexp,29万,https://music.163.com//playlist?id=2894740916,电子、流行、说唱
4923064681,电音 ｜ 荷尔蒙激素飙升,钟瀚谦,17万,https://music.163.com//playlist?id=4923064681,欧美、电子、说唱
2989718660,Rapper超甜 | 你的歌声是恋爱的温度,花喵-Mia,149万,https://music.163.com//playlist?id=2989718660,华语、说唱、浪漫
2949140621,走心说唱|我只是把故事写进了歌里,Unexplainable,83万,https://music.163.com//playlist?id=2949140621,说唱、欧美
2526611776,不如来一盒草莓味的HipHop巧克力！,q~先森,209万,https://music.163.com//playlist?id=2526611776,华语、说唱、浪漫
2362761939,欧美歌&电音/Rap/流行/小众,石玺彤彤彤彤,43万,https://music.163.com//playlist?id=2362761939,欧美、流行、说唱
2538119796,Trap Rap|陷阱说唱的低音冲击,nineonemrchin,190万,https://music.163.com//playlist?id=2538119796,欧美、说唱、电子
3119595459,宝藏hiphop开口跪,Double_TRAP,1381万,https://music.163.com//playlist?id=3119595459,说唱、R&amp;B/Soul、00后
2114615135,马龙?[Post Malone],ChloeBae_,239万,https://music.163.com//playlist?id=2114615135,说唱、R&amp;B/Soul
2915255099,『中国新说唱2019 完整版』,嘻哈路人王,36万,https://music.163.com//playlist?id=2915255099,华语、说唱
2525632823,劲爆电音，英文纯音，节奏打点，应有尽有！,沐辰style,2523万,https://music.163.com//playlist?id=2525632823,欧美、流行、说唱
2870509553,【Hip-Hop】那些节奏带感的酷炫说唱,原点FM,45万,https://music.163.com//playlist?id=2870509553,欧美、说唱、放松
2217224514,「姜云升」陪你从无到有,月落将至长夜难明,204万,https://music.163.com//playlist?id=2217224514,说唱、华语
3168423108,Rapper超甜 | 沉溺在你爱的告白,远房小姑,267万,https://music.163.com//playlist?id=3168423108,华语、说唱、浪漫
2897918638,甜度99% | 饶舌歌手藏在星河里的浪漫,名侦探-柯北,97万,https://music.163.com//playlist?id=2897918638,华语、说唱、浪漫
2572976147,我的江南有雨 落不到你的长安?,孙先眚,86万,https://music.163.com//playlist?id=2572976147,说唱、伤感、流行
3059741183,RaGsiZ-XapKat,KeresTal3,66万,https://music.163.com//playlist?id=3059741183,说唱、流行、校园。更多相关热门精选歌单推荐尽在网易云音乐
2854494787,中国新说唱2019【全期已更新完】,云村七叔,122万,https://music.163.com//playlist?id=2854494787,说唱、酒吧、00后
2843176459,中国新说唱第二季2019【全收录】,Ben-Rocky,1378万,https://music.163.com//playlist?id=2843176459,说唱、华语、流行
2761182502,开头就爱上超火歌曲（必听）,皮杰伦,166万,https://music.163.com//playlist?id=2761182502,华语、说唱、流行
2448305234,2018|中国新说唱最火单曲,里赛,782万,https://music.163.com//playlist?id=2448305234,说唱、华语、放松
2874856765,中国新说唱2019 | 热歌精选 | 好听到爆,Wallflower2019,126万,https://music.163.com//playlist?id=2874856765,华语、说唱、00后
2844653116,中国新说唱2019『同步更新』,AzR_Teli,699万,https://music.163.com//playlist?id=2844653116,华语、说唱、流行
2657483892,BigYear大年,李C李C啊,136万,https://music.163.com//playlist?id=2657483892,说唱
2845364680,极致走心说唱|NF精选,Unexplainable,36万,https://music.163.com//playlist?id=2845364680,欧美、说唱
817685692,Jony J 有思想的嘻哈诗人,ice-angel,1399万,https://music.163.com//playlist?id=817685692,说唱
3102038199,音乐综艺Live，你的独家记忆,曲库小护士,47万,https://music.163.com//playlist?id=3102038199,华语、流行、说唱
2404865336,嘻哈女王刘柏辛Lexie,如果我不说唱了,116万,https://music.163.com//playlist?id=2404865336,华语、流行、说唱
2914819592,总冠军杨和苏新说唱第二季歌曲合集,JerryWang杰哥,29万,https://music.163.com//playlist?id=2914819592,说唱、华语、运动
2547665013,阿姆播放量超过1亿的歌曲（热单）,EminemCollection,57万,https://music.163.com//playlist?id=2547665013,说唱、欧美
3037754840,偏爱小鬼王琳凯,日之船,37万,https://music.163.com//playlist?id=3037754840,华语、流行、说唱
2860145611,国一孙策树叶的歌单,少了重要的晚安,19万,https://music.163.com//playlist?id=2860145611,粤语、说唱、流行
3000167376,Pulse\\All.Hiphop All.Night（周日更新）,TX3iX,30616,https://music.163.com//playlist?id=3000167376,欧美、说唱、流行
2771073048,主持 | 拍卖 模厅 麦序 主持曲,厄七,15万,https://music.163.com//playlist?id=2771073048,流行、电子、说唱
4967112108,【OOOLD SCHOOL】拒绝不了的音乐,云城负债鉴赏师,10901,https://music.163.com//playlist?id=4967112108,欧美、说唱、酒吧
4956033110,流行 说唱｜小众口味,Geist7,6605,https://music.163.com//playlist?id=4956033110,说唱、欧美、流行
3226626481,「复古经典」东西海岸的OG们,-Pony_Boi-,48424,https://music.163.com//playlist?id=3226626481,欧美、说唱、R&amp;B/Soul
3226596849,「欧美嘻哈」Flexing大佬们带你随时起飞,-Pony_Boi-,56648,https://music.163.com//playlist?id=3226596849,欧美、说唱、快乐
3215209929,$荼棚 超凶trap$,psy_扭不开的奥利奥,24824,https://music.163.com//playlist?id=3215209929,说唱、电子、00后
3084170384,2019年度最佳说唱,MeloNoLove,34426,https://music.163.com//playlist?id=3084170384,说唱、欧美
3081115419,痞子说唱 | 霸道男友 0.01秒俘获你的心,苏打_苏打绿,18万,https://music.163.com//playlist?id=3081115419,华语、说唱、清新
4890435110,Cherish_二姗,#NAME?,14万,https://music.163.com//playlist?id=4890435110,流行、民谣、说唱
3195646734,Trap丨不客观毒性幻觉单,Pomegranatea,56799,https://music.163.com//playlist?id=3195646734,欧美、电子、说唱
4961160590,Desant / Mr Ｄ蒙古说唱,BaynErhet,4412,https://music.163.com//playlist?id=4961160590,说唱、流行、清新
4867118022,【HIPHOP说唱】必 听 的 经 典 钻 石 单 曲,迷人的混蛋是西西,21091,https://music.163.com//playlist?id=4867118022,欧美、说唱、R&amp;B/Soul
3173671115,2019十首最炸flow说唱(英文),1LIFT,12472,https://music.163.com//playlist?id=3173671115,榜单、说唱、欧美
3136346353,Ay-kevin,Ay-kevin,9297,https://music.163.com//playlist?id=3136346353,说唱。更多相关热门精选歌单推荐尽在网易云音乐
4896547784,毛子专属 hardbass,O_gtr,32166,https://music.163.com//playlist?id=4896547784,摇滚、流行、说唱
2725612297,快嘴说唱―只安排厉害的快嘴说唱,freestyle不会唱,13万,https://music.163.com//playlist?id=2725612297,说唱、酒吧、运动
2038010973,『节奏』好的运球节奏需要好的BGM来培养,我不配拥有_____,19万,https://music.163.com//playlist?id=2038010973,欧美、流行、说唱
2363512459,精选！！近期热歌哦,莫明栋的优乐美,24万,https://music.163.com//playlist?id=2363512459,00后、说唱、古风
2406093863,trap|迷幻?trap|中文说唱trap|欧美说唱trap,勤奋的919,22万,https://music.163.com//playlist?id=2406093863,华语、欧美、说唱
2240717633,欧美 | TRAP说唱 太炸了吧,rpH9,83801,https://music.163.com//playlist?id=2240717633,欧美、说唱、榜单
2537429340,6ix 9ine超凶的儿歌说唱,Scarlxrad,21万,https://music.163.com//playlist?id=2537429340,欧美、说唱
3014071018,key to L 巡演歌单,lalililalili,14万,https://music.163.com//playlist?id=3014071018,说唱、华语
2276921934,BAPE店内BGM,空条承太郎0,17万,https://music.163.com//playlist?id=2276921934,说唱、电子、另类/独立
2833157590,Grime - 伦敦街头的文化之声,Ghostface_Killers,17万,https://music.163.com//playlist?id=2833157590,欧美、说唱、放松
3028527268,『史上最佳25首Hip-Hop歌曲』,RealGoldLit,40184,https://music.163.com//playlist?id=3028527268,说唱、欧美、放松
2976307308,五指身法躲挽秋,小小秀儿TnT,32万,https://music.163.com//playlist?id=2976307308,金属、说唱、电子
2481900537,rapper们自己,Onepar-aka-Eond,27万,https://music.163.com//playlist?id=2481900537,说唱、治愈
4860363947,中文说唱未来〔00后rapper合集],SMOKINGG,13万,https://music.163.com//playlist?id=4860363947,说唱、R&amp;B/Soul、00后
2875798808,那些超好听的中文说唱,S苏楠_,19万,https://music.163.com//playlist?id=2875798808,说唱、华语、流行
4912209056,SIFIR年度精选歌单&说唱,AK-EA7,6319,https://music.163.com//playlist?id=4912209056,流行、说唱
4916269648,?甜甜的恋爱马上轮到你啦?,Kalen邱志凯,13万,https://music.163.com//playlist?id=4916269648,华语、流行、说唱
3028179003,『Trap』炸裂硬核重金属风的 “噪音说唱”,暖色乐章,33611,https://music.163.com//playlist?id=3028179003,说唱、电子、金属。更多相关热门精选歌单推荐尽在网易云音乐
2677846752,你和脱单之间，只差一个高糖分的甜话rapper,小文艺少女酱,18万,https://music.163.com//playlist?id=2677846752,华语、说唱、浪漫
2933577375,中文硬核之王 法老,Watt704,61万,https://music.163.com//playlist?id=2933577375,说唱、华语、流行
2787500609,说唱情歌//我喜欢你,濑红莉栖,28万,https://music.163.com//playlist?id=2787500609,说唱、浪漫、快乐
4985983390,百听不厌的大师说唱。,李平和X,29万,https://music.163.com//playlist?id=4985983390,欧美、小语种、说唱
3091742199,想要陪你过冬天丨rapper情歌融化冷空气,浮丨光,15万,https://music.163.com//playlist?id=3091742199,华语、说唱、快乐
4904383601,燃向RAP｜我知道你很累但不能是放弃的理由,wawa明天绝不晚睡绝不上课迟到,71944,https://music.163.com//playlist?id=4904383601,说唱、欧美、感动
2885650260,《中国新说唱》2018精选?,伪情147,43万,https://music.163.com//playlist?id=2885650260,华语、说唱
5091550227,微醺Hiphop | 扑通 醉倒在酿满爱的银河,你要乖喔-,37万,https://music.163.com//playlist?id=5091550227,华语、流行、说唱
2540303449,有GAI的资源 很酷的说唱歌单（不定更）,我特别乖巧的,30万,https://music.163.com//playlist?id=2540303449,华语、说唱、治愈
4953822250,精选说唱伴奏，不听别后悔,帅的SHT,43万,https://music.163.com//playlist?id=4953822250,说唱、轻音乐
4911584395,恒弟弟（吃鸡必备）,你的Sw,88761,https://music.163.com//playlist?id=4911584395,欧美、电子、说唱
2392781495,?新疆说唱?Sarkar,#NAME?,19万,https://music.163.com//playlist?id=2392781495,说唱、R&amp;B/Soul、民族
2951445582,【说唱】虽知结局，也不悔经历,oxygen半仙,27万,https://music.163.com//playlist?id=2951445582,华语、说唱、伤感
3179343096,「姆爷好听的单曲TOP100」,艾萨克没头脑,61881,https://music.163.com//playlist?id=3179343096,欧美、说唱
2884099847,中国新说唱2018,王小正的政,21万,https://music.163.com//playlist?id=2884099847,流行、说唱
3126259453,欧美 | 踱步远山中，藏身繁星间。,欧美集,4030,https://music.163.com//playlist?id=3126259453,欧美、流行、说唱
2827171182,tom macdonald,鸽补法,34510,https://music.163.com//playlist?id=2827171182,欧美、说唱
4887868091,丧70%说唱｜我也可以爱这个世界吗,小鲸不开心,21万,https://music.163.com//playlist?id=4887868091,华语、说唱、孤独
2114661715,Tekashi 69,AllEyez0nMe,59万,https://music.163.com//playlist?id=2114661715,欧美、说唱。更多相关热门精选歌单推荐尽在网易云音乐
2913612358,Kanye West 代表作,Softpi,13万,https://music.163.com//playlist?id=2913612358,说唱、欧美
4864450403,不容错过的hiphop/rap/trap/os etc(持续更,孙宇瑶Grasheyl外加一个小樱桃,10万,https://music.163.com//playlist?id=4864450403,欧美、华语、说唱
2392702642,O.WEN_欧文,Baek_LinYi_,24万,https://music.163.com//playlist?id=2392702642,说唱
2326283548,【Jony J】豆芽防火,高速乘客,15万,https://music.163.com//playlist?id=2326283548,华语、说唱、R&amp;B/Soul
5070338911,中文说唱?|?节奏中感受潮流,卡哇伊哦a,23万,https://music.163.com//playlist?id=5070338911,华语、说唱、酒吧
4934313320,呆子说唱第一人,offset____,6601,https://music.163.com//playlist?id=4934313320,欧美、说唱
3194746150,Trap Rap,PRIIB,5273,https://music.163.com//playlist?id=3194746150,欧美、说唱、R&amp;B/Soul。更多相关热门精选歌单推荐尽在网易云音乐
4922277832,淡黄的长裙 蓬松的头发,陈皮诺Pii,12万,https://music.163.com//playlist?id=4922277832,华语、说唱、R&amp;B/Soul
2646795592,说唱伴奏【FREE BEAT / killer 制造 】,失踪人口Redkiller,15万,https://music.163.com//playlist?id=2646795592,说唱、R&amp;B/Soul、流行
4976873518,中文说唱?―心之所向?素履以往,江辉巨,13万,https://music.163.com//playlist?id=4976873518,华语、说唱、感动
4923943233,CHN饶社?原创说唱作品合集,CHN桉树,11901,https://music.163.com//playlist?id=4923943233,华语、说唱、校园
5189550726,你的氟西丁歌单。,想想要两颗西柚yo,78,https://music.163.com//playlist?id=5189550726,华语、流行、说唱
5190828941,无法呼吸的环绕,错过ha,6,https://music.163.com//playlist?id=5190828941,说唱、民谣、日语
5186089364,你搜不到的土嗨神曲,李易峰-塔哥,2,https://music.163.com//playlist?id=5186089364,古典、英伦、说唱
5197848239,Rappers' albums说唱歌手专辑,TICO畅畅,2,https://music.163.com//playlist?id=5197848239,说唱、华语、世界音乐
5175917143,人间自有真情在,Hoularouorekl,17,https://music.163.com//playlist?id=5175917143,欧美、流行、说唱。更多相关热门精选歌单推荐尽在网易云音乐
5184521864,肤浅“爱情”歌单[RAp],蛾_烧鱼,177,https://music.163.com//playlist?id=5184521864,流行、说唱、00后
5167044735,MaxxWell Q - Licorice 采样rap,HippieFrog,38,https://music.163.com//playlist?id=5167044735,欧美、说唱、运动。更多相关热门精选歌单推荐尽在网易云音乐
5197158300,Redamancy__,#NAME?,42,https://music.163.com//playlist?id=5197158300,说唱、欧美
5132517988,超苏rap｜心里砰砰跳！,三岁小猪乔治,148,https://music.163.com//playlist?id=5132517988,说唱、性感、放松
5174566724,NASSA BABY’S FAVORITE,NassaBabyGonShine,130,https://music.163.com//playlist?id=5174566724,治愈、R&amp;B/Soul、说唱
5048319637,Trap&Rap丨私藏?40年后金曲,catwalk_s,3073,https://music.163.com//playlist?id=5048319637,欧美、说唱、兴奋
5138729378,[Old School]老 派 说 唱,2ISavage,2648,https://music.163.com//playlist?id=5138729378,欧美、说唱、经典
4958111067,freestyle beat精精选,AKA闭月羞花,2396,https://music.163.com//playlist?id=4958111067,说唱
5191140796,明日方舟同人歌精选,莱茵生命_塞雷娅,1359,https://music.163.com//playlist?id=5191140796,ACG、游戏、说唱
5018495790,Juice WRLD正式遗作全收录,天神院院长,796,https://music.163.com//playlist?id=5018495790,欧美、流行、说唱
5068173173,小菜保安巡逻夜曲,vbnomoney,784,https://music.163.com//playlist?id=5068173173,欧美、说唱
5129968370,rapper说情话,Michihiko,544,https://music.163.com//playlist?id=5129968370,流行、浪漫、说唱
5091017596,Shake&Smoking,SeamyHoney,498,https://music.163.com//playlist?id=5091017596,R&amp;B/Soul、说唱、欧美。更多相关热门精选歌单推荐尽在网易云音乐
5126590360,|微醺Hip-Hop|,_不到班级前十不改名_,355,https://music.163.com//playlist?id=5126590360,华语、流行、说唱
5094960354,侃爷生涯专辑：每张专辑的全专最佳,Realone卷土重来,128,https://music.163.com//playlist?id=5094960354,欧美、说唱
5160383570,"陷阱说唱,经典儿歌,健康成长",低频废物mocker,76,https://music.163.com//playlist?id=5160383570,欧美、说唱、90后。更多相关热门精选歌单推荐尽在网易云音乐
5063993003,蒙古说唱 Click Click Boom 团体,BaynErhet,1355,https://music.163.com//playlist?id=5063993003,说唱、世界音乐、经典
2756123743,张颜齐循环一百次,Fivvvve,19314,https://music.163.com//playlist?id=2756123743,说唱、90后、华语
5098906657,Rokit Bay 蒙古说唱,BaynErhet,817,https://music.163.com//playlist?id=5098906657,说唱、世界音乐、清新
5028047601,Emo Trap | 在夜晚发泄你的负面情绪,TrapTV,3728,https://music.163.com//playlist?id=5028047601,欧美、说唱、夜晚
5198528623,说唱新世代（持更）,小松美奈子-,2014,https://music.163.com//playlist?id=5198528623,华语、说唱
5191346927,水响蝉鸣|夏日纯音， 让孤独远去,是饭碗的彼岸,183,https://music.163.com//playlist?id=5191346927,轻音乐、午休、安静
5192264916,Uyghur Reep ?,Just---Care,64,https://music.163.com//playlist?id=5192264916,治愈、说唱、流行
5177761894,THE D.R.E,alanmellobillieminemsnoopdre,47,https://music.163.com//playlist?id=5177761894,说唱、学习、怀旧
5149377713,今天从jahseh歌声中开始,xxxlava1anboi,31,https://music.163.com//playlist?id=5149377713,说唱、欧美、兴奋
5197209271,药水本尊（翻唱+原创）,得不到的爱情要适可而止,44,https://music.163.com//playlist?id=5197209271,华语、流行、说唱
5189229727,w**d&streetz「2001&the chronic」,alanmellobillieminemsnoopdre,15,https://music.163.com//playlist?id=5189229727,说唱、学习、经典
5198091766,rapper情话 | 亲一口月亮，然后就睡觉,心动女孩林可欣,19,https://music.163.com//playlist?id=5198091766,说唱、夜晚、放松
5187904225,北京hip hop！瓷,lovpac,11,https://music.163.com//playlist?id=5187904225,说唱、兴奋、安静
5198853550,Remix rua pu,啊阿啊阿茄,11,https://music.163.com//playlist?id=5198853550,华语、说唱、快乐
3104513300,rap集:总有一天，会有人爱你,长夜看海,12万,https://music.163.com//playlist?id=3104513300,华语、流行、说唱
2881688852,第一顺位$杨和苏keyNG,xxxOkay,12万,https://music.163.com//playlist?id=2881688852,说唱
4901099218,欧美HipHop 当下流行RAP,阿天不钓鱼,3799,https://music.163.com//playlist?id=4901099218,欧美、说唱、酒吧
2670309956,「RAP」Hiphop?I?轻柔女声遇上帅气女Rap,高F老公,77万,https://music.163.com//playlist?id=2670309956,说唱、R&amp;B/Soul、酒吧
4943536631,崩溃&救赎｜丧系Rap,王唯灿,11万,https://music.163.com//playlist?id=4943536631,说唱、伤感、孤独
2356473597,“甜味 旋律 Rap情歌”,张以晨_,27万,https://music.163.com//playlist?id=2356473597,说唱、浪漫、流行
2011154998,hello motherfxxker what‘s my name,嗯iiWTFii,23035,https://music.163.com//playlist?id=2011154998,说唱、欧美、驾车
5152487369,邢台一中18 19届嘻哈社,FStar_,397,https://music.163.com//playlist?id=5152487369,华语、说唱、00后
2004288713,rapper 说情话,喜欢跟人觉,4791万,https://music.163.com//playlist?id=2004288713,说唱、清新、流行
2445914083,来听Rapper讲讲情话吧,Able辉,48万,https://music.163.com//playlist?id=2445914083,说唱、浪漫、治愈
2649015729,渣男*渣女语录【Rap】,小qwq,164万,https://music.163.com//playlist?id=2649015729,说唱、华语、网络歌曲
2434195584,那些好听的beat说唱,做你的柠檬水,60万,https://music.163.com//playlist?id=2434195584,说唱、浪漫
2755687592,Trap:当炸裂beat配上炸裂说唱flow,老爹揍扁了阿福,38万,https://music.163.com//playlist?id=2755687592,说唱、欧美、运动
2679916677,『Melodic Rap』 | 令人沉醉的旋律说唱 |,XXXSUICIDE,136万,https://music.163.com//playlist?id=2679916677,欧美、说唱
5162373603,〖说唱〗Tajik Rap,Mirkomil_Official,15,https://music.163.com//playlist?id=5162373603,说唱、民族、世界音乐
5086809523,华语｜rap的情话也只想对你说,我想你是需要我的对吗,1418,https://music.163.com//playlist?id=5086809523,华语、说唱、流行
2923714434,【说唱】The Prattle,朱润泽,177万,https://music.163.com//playlist?id=2923714434,华语、说唱、流行
2828975286,【中f唱】 Chinese rap.,做个爱笑的大男孩,262万,https://music.163.com//playlist?id=2828975286,华语、说唱、流行
2963750053,不怕老歌被翻唱-〉就怕老歌加说唱Remix,夏如妍,74万,https://music.163.com//playlist?id=2963750053,说唱、怀旧、翻唱
3000719797,???????丨节奏水枪 × Lit Drum,节奏水枪Beat_WaterPistol,135万,https://music.163.com//playlist?id=3000719797,欧美、电子、说唱
2959254385,世界最强Flow最炸说唱集合体,akaalaala,786万,https://music.163.com//playlist?id=2959254385,华语、说唱、兴奋
4964806727,新生代 蒙古说唱,BaynErhet,3131,https://music.163.com//playlist?id=4964806727,说唱、民族、世界音乐
2502770326,顽童MJ116?ALL,KittyBieber,105万,https://music.163.com//playlist?id=2502770326,华语、说唱、放松
2218631074,听就行了别bb,_WizEm2pac,21万,https://music.163.com//playlist?id=2218631074,说唱、华语
2083161386,热门中文说唱歌曲,昨日青空T,546万,https://music.163.com//playlist?id=2083161386,华语、说唱、榜单
2894678520,情话 Rapper 收获你的少女心,Doki少女鹿安然,55万,https://music.163.com//playlist?id=2894678520,华语、流行、说唱
5198292613,国产优质Free Beat合集,网抑且猫咪,9730,https://music.163.com//playlist?id=5198292613,说唱、R&amp;B/Soul、夜晚
2419444293,Freestyle伴奏/不止新手使用的Battle Beat,aka_OverSize,137万,https://music.163.com//playlist?id=2419444293,说唱、器乐、兴奋
2840884575,和风&匪帮trap 炸翻你的耳膜,GOCHEN4L,21万,https://music.163.com//playlist?id=2840884575,说唱、欧美、电子
4925923059,RAP TRAP day,_JoshKwan,29184,https://music.163.com//playlist?id=4925923059,说唱、兴奋、欧美
5137621901,Legends Never Die,Legendsssssss,196,https://music.163.com//playlist?id=5137621901,流行、说唱
2673281124,超炸英文rap,lilcool19,48万,https://music.163.com//playlist?id=2673281124,欧美、说唱、R&amp;B/Soul
2513570815,佛罗里达最硬的黑人,xxxeliilam,34万,https://music.163.com//playlist?id=2513570815,说唱、欧美、R&amp;B/Soul
2633514423,绝 对 良 心 『hiphop』,DJRiRi_,10万,https://music.163.com//playlist?id=2633514423,欧美、说唱、酒吧
2501310396,最怕rapper唱情歌,是你的鱼鱼吖,48万,https://music.163.com//playlist?id=2501310396,说唱。更多相关热门精选歌单推荐尽在网易云音乐
2887430766,T R A P 丨 私 人,StuWalker,32万,https://music.163.com//playlist?id=2887430766,流行、说唱、欧美
2834027258,rapper说情话!高甜【rap】请注意查收,你的顾柒柒_cc,74万,https://music.163.com//playlist?id=2834027258,浪漫、说唱、华语
4892488111,美国RAP黄金年代精选100首,这个名字的确好,3740,https://music.163.com//playlist?id=4892488111,说唱、欧美、经典
2767211144,Uyghur / Rap丨维吾尔说唱精选,ValiOfficial,116万,https://music.163.com//playlist?id=2767211144,小语种、民族、说唱
4983085598,百位rapper为你展现Flow的艺术.,2ISavage,1363,https://music.163.com//playlist?id=4983085598,欧美、说唱、R&amp;B/Soul
2935462430,精选说唱伴奏‖freestyle beats,ZiJianHan,36324,https://music.163.com//playlist?id=2935462430,说唱、爵士、R&amp;B/Soul
2571706533,欧美新潮流行说唱New Wave Rap,Juden_Wittgenstein,51431,https://music.163.com//playlist?id=2571706533,说唱、朋克、舞曲
2274975541,Boombap 伴 奏 / 老 W 校,土猫大人,63万,https://music.163.com//playlist?id=2274975541,说唱
4904364636,洗脑?摇摆 那些欧美rapper的代表作,YoungJodye,3194,https://music.163.com//playlist?id=4904364636,欧美、说唱、酒吧
2848555023,丧说唱rap丨夜 晚 的 人 都 脆 弱,关注柯七不会错,134万,https://music.163.com//playlist?id=2848555023,说唱、伤感、思念
2771614618,【说唱产物】遨游在chill中的炸裂flow,KALA_VS,29万,https://music.163.com//playlist?id=2771614618,华语、说唱、R&amp;B/Soul
2481322573,CSC 说唱 江湖刘｜KEY.L刘聪,0494Free,186万,https://music.163.com//playlist?id=2481322573,说唱、孤独、放松
2577577727,SOUFRESHBEATS说唱伴奏/RapBeats/说唱Beats,SOULFRESHBEATS,314万,https://music.163.com//playlist?id=2577577727,说唱、R&amp;B/Soul
2773604798,【精选】旋律Emo × TRAP(欢迎投稿）,HHHHalsey,97万,https://music.163.com//playlist?id=2773604798,说唱、流行、欧美
814839177,rapper说情话 今晚也想跟你,决劣,853万,https://music.163.com//playlist?id=814839177,华语、流行、说唱
832595290,中文rap 各类风格【法老和他的小娇妻马思唯,诗人的人间失格,389万,https://music.163.com//playlist?id=832595290,说唱、华语、游戏
2394125021,请随机播放，切歌算你赢,LEYOONAFRIEND,652万,https://music.163.com//playlist?id=2394125021,说唱、欧美
1995084660,hook好听的rap,甜只儿,352万,https://music.163.com//playlist?id=1995084660,说唱、放松、地铁
2934812152,心碎庇护所｜Emo Rap,KeynesASAP,31万,https://music.163.com//playlist?id=2934812152,说唱、伤感、另类/独立
5175439660,2020XXLfreshman,GOGuel,71,https://music.163.com//playlist?id=5175439660,说唱、欧美、综艺
2791167751,听首情歌说唱 | 做个甜甜的梦,睹渭吧詈Ｌ,28万,https://music.163.com//playlist?id=2791167751,华语、说唱、浪漫
2945541639,正 在 退 出 人  [ ,藏不住难过了,42万,https://music.163.com//playlist?id=2945541639,说唱、孤独、伤感
2305126586,东海岸说唱(硬核，boombap),thugs213,45万,https://music.163.com//playlist?id=2305126586,欧美、说唱
2246249929,Juice WRLD 果汁,SNOWAHEI,32万,https://music.163.com//playlist?id=2246249929,说唱、欧美、伤感
2320144876,炸了 ！炸了 ！炸了 ！Swag极品,Rootskool杂货铺,280万,https://music.163.com//playlist?id=2320144876,欧美、说唱、电子
2875321368,Trap Rap R&B 杂…」%,KKrys_,336万,https://music.163.com//playlist?id=2875321368,欧美、说唱、R&amp;B/Soul
2812685091,超甜Rap｜?? 给 喜 欢 的 人 听 ??｜,oreo灵,599万,https://music.163.com//playlist?id=2812685091,说唱、清新、治愈
2480521624,午夜心碎俱凡,与你赴海,59万,https://music.163.com//playlist?id=2480521624,流行、说唱、孤独
979183752,爱意藏在rap里,反刑,689万,https://music.163.com//playlist?id=979183752,说唱、华语、流行
1997166218,「骨子里的 Old School」,重c二流仔,228万,https://music.163.com//playlist?id=1997166218,欧美、流行、说唱
5039871450,i don't give a ****（多听rap，少吸烟）,RLRuth,25312,https://music.163.com//playlist?id=5039871450,说唱、酒吧
4858155309,精选Trap Free Beat 都别废话干就完了,NiuLai_Music,11万,https://music.163.com//playlist?id=4858155309,说唱、R&amp;B/Soul
2260302104,柔和系欧美说唱 | 解舌还须饶舌人,鹿北浠,59万,https://music.163.com//playlist?id=2260302104,欧美、说唱、流行
462072098,一些好听到爆的中文rap,过把感情瘾1a,2605万,https://music.163.com//playlist?id=462072098,华语、说唱、治愈
2155383482,正宗好货 | 请打开随机播放收听,trickyboiii,77万,https://music.163.com//playlist?id=2155383482,说唱、欧美、驾车
2450558426,Emo/Cloud Rap丨不完全情绪混合物,电烧,234万,https://music.163.com//playlist?id=2450558426,欧美、说唱
3134302376,说唱丨温山软水不及你眉眼半分,七厘视线,19万,https://music.163.com//playlist?id=3134302376,华语、说唱、流行
4914295087,中文说唱|每首歌都是精品持续更新,你喜欢西瓜汁还是我这个小碧仔汁,16万,https://music.163.com//playlist?id=4914295087,华语、说唱
746491160,黑人RAP｜开口跪$$炸耳,ZY---------------,464万,https://music.163.com//playlist?id=746491160,说唱、欧美、兴奋
2876679374,好听的说唱单曲循环鸭～【持续更新】,宇智波Show,98万,https://music.163.com//playlist?id=2876679374,浪漫、华语、说唱
3072429353,YNW MELLY精选,PEIN111,58198,https://music.163.com//playlist?id=3072429353,R&amp;B/Soul、说唱
2765481482,[ Uyghur Rap ] 说唱精-选歌曲,Valijon_Music,34535,https://music.163.com//playlist?id=2765481482,小语种、民族、说唱
2531543310,KEY-L刘聪如货币般流通,SHEN成龙,176万,https://music.163.com//playlist?id=2531543310,说唱、流行
2656853445,初学者Battle专用,北望集,41095,https://music.163.com//playlist?id=2656853445,华语、欧美、说唱
2034697353,毒性Trap精选！,YeahAyy,502万,https://music.163.com//playlist?id=2034697353,欧美、说唱、电子
4959088044,硬核 蒙古说唱,BaynErhet,13791,https://music.163.com//playlist?id=4959088044,说唱、经典、世界音乐
2122279649,那些曾经在Billboard上爆红的HipHop―――,火属,859万,https://music.163.com//playlist?id=2122279649,欧美、说唱、兴奋
2555137218,【Rap小甜歌精选】你是我的小熊饼干,AkashiAshes,95万,https://music.163.com//playlist?id=2555137218,华语、说唱、快乐
2906703758,刘聪KEY.L,听安的KEYL,42万,https://music.163.com//playlist?id=2906703758,说唱、华语
2610419683,深情的人总是漫不经心rap??'?,alvintzz,26万,https://music.163.com//playlist?id=2610419683,说唱、夜晚、R&amp;B/Soul
5007420012,Rap Beat/说唱伴奏/说唱Beat - 持更,MoonVibeBeatz,18万,https://music.163.com//playlist?id=5007420012,欧美、R&amp;B/Soul、说唱
4946086065,睡觉前的情歌说唱;-),我要逃学威龙,21万,https://music.163.com//playlist?id=4946086065,华语、说唱、浪漫
3176179830,Eminem姆爷生涯五十佳,Venjestan,66253,https://music.163.com//playlist?id=3176179830,欧美、说唱
3229647250,Roddy Ricch,humorous-sliver,25438,https://music.163.com//playlist?id=3229647250,说唱、兴奋
3036328969,中文说唱‖高质量丧炸励志甜都有,孟琦两岁半了,205万,https://music.163.com//playlist?id=3036328969,华语、说唱、感动
2073984202,适合写歌的说唱伴奏（rap beat）,乔治不开心,562万,https://music.163.com//playlist?id=2073984202,说唱、流行、华语
2328059433,『省徽f唱免M伴奏freebeat emo NEW WAVE,316-黄卓冉,81万,https://music.163.com//playlist?id=2328059433,说唱、孤独、伤感
5157669994,凡姿 ? 柯柯,QINGNR,40,https://music.163.com//playlist?id=5157669994,流行、说唱、治愈
2476938465,说唱 艾热 Gai 王以太 满舒克 Jony J,A-S-H-C-Y,43万,https://music.163.com//playlist?id=2476938465,华语、说唱、运动
2873336061,Hip-Hop旋律说唱，听你诉说这个世界,原点FM,201万,https://music.163.com//playlist?id=2873336061,欧美、说唱、放松
2452114012,超甜/只可私藏 不能共享,等你的双眼陪我看世界,158万,https://music.163.com//playlist?id=2452114012,说唱、流行、华语
2462704152,［地下8英里］FREESTYLE BEAT 练习伴奏,地下8英里官方,52万,https://music.163.com//playlist?id=2462704152,华语、欧美、说唱
2423535344,*百酒精不是百小*,Cas-coco,23万,https://music.163.com//playlist?id=2423535344,说唱
2053196853,免费授权伴奏(希望你们争气，不要糟蹋东西),鸣人koney,287万,https://music.163.com//playlist?id=2053196853,说唱、爵士、R&amp;B/Soul
5200420590,林深见小鹿，深海见蓝鲸。,ZcBLk,22,https://music.163.com//playlist?id=5200420590,说唱、夜晚、运动
3213472312,甜腻腻的旋律说唱情歌,朴正烈,22万,https://music.163.com//playlist?id=3213472312,说唱、流行
4911588674,rap/宝藏/不是只有99↑才值得你听,HuTskXXX,8873,https://music.163.com//playlist?id=4911588674,说唱、电子、摇滚
2520891003,炸裂不偿命的rap,lambertling,138万,https://music.163.com//playlist?id=2520891003,欧美、说唱
3231446644,「欧美嘻哈」迅速崛起的超新星们,-Pony_Boi-,18558,https://music.163.com//playlist?id=3231446644,欧美、说唱、R&amp;B/Soul
2540800932,专用【丧】beat,SokerYoung,64万,https://music.163.com//playlist?id=2540800932,说唱、伤感
2888327540,?? 喜欢藏在心里， 爱意藏在眼里??,WJCTION,29万,https://music.163.com//playlist?id=2888327540,华语、说唱、伤感
5142861098,swagggg,chillwizme,280,https://music.163.com//playlist?id=5142861098,欧美、说唱、流行
3211610053,New?School?Hiphop/R&B,plzwak1up,24824,https://music.163.com//playlist?id=3211610053,欧美、说唱、R&amp;B/Soul
2206941227,不要不开心你还有我,快乐失色,11万,https://music.163.com//playlist?id=2206941227,说唱、夜晚、浪漫
2533489122,三天门下-姜云升,无幻Magic,18万,https://music.163.com//playlist?id=2533489122,说唱
2517082149,说唱伴奏（适合写歌）,棕色头发的小张,17万,https://music.163.com//playlist?id=2517082149,流行、说唱、00后
2126269011,sweet。超甜预警请及时补充甜份!宝藏来袭,只有网易,48万,https://music.163.com//playlist?id=2126269011,说唱、浪漫、快乐
5026486771,Viciousness,VxxxMusika,15万,https://music.163.com//playlist?id=5026486771,说唱、伤感、孤独。更多相关热门精选歌单推荐尽在网易云音乐
2647807174,hiphop燃到爆炸的齐舞街舞舞曲，你值得拥有,8点半左右,71万,https://music.163.com//playlist?id=2647807174,舞曲、运动、说唱
2444167008,超炸说唱伴奏（free beat）,free弗利dom,18万,https://music.163.com//playlist?id=2444167008,说唱、华语、世界音乐
2822802550,听首情歌说唱?|?做个甜甜的梦,七王尴尬,25万,https://music.163.com//playlist?id=2822802550,华语、说唱、浪漫
5142259840,prelude/quadratic element.,Postvei,159,https://music.163.com//playlist?id=5142259840,欧美、说唱、夜晚
2833607347,氛围说唱 | 旋律控说唱,天生黑夜兄,56万,https://music.163.com//playlist?id=2833607347,说唱、另类/独立、夜晚
753331410,Rich Brian七哥,被通缉的金克丝,271万,https://music.163.com//playlist?id=753331410,说唱、流行
5183109746,rapper的甜蜜情话,炸鸡可乐来十份,12万,https://music.163.com//playlist?id=5183109746,说唱、流行、R&amp;B/Soul
2817554177,超拽超叼英文rap,uzixxs,182万,https://music.163.com//playlist?id=2817554177,说唱、欧美
2904974388,想做你的超甜男友,你歪歪洋,197万,https://music.163.com//playlist?id=2904974388,浪漫、说唱、华语
2985593888,Lil Tecca ??,Dot_RhAM,44800,https://music.163.com//playlist?id=2985593888,欧美、说唱、00后
4939987616,欧美丨真诚说唱，被遗忘在世外仙境的珠宝,IiIuzivert,24052,https://music.163.com//playlist?id=4939987616,欧美、说唱
5056866944,Hello mother****er What’s my name,花xDoc,5215,https://music.163.com//playlist?id=5056866944,欧美、说唱
3173120945,urban超市・注入灵魂燃料的节奏都市,灵魂超市收破旧灵魂没人要的灵魂,428万,https://music.163.com//playlist?id=3173120945,欧美、R&amp;B/Soul、说唱
3227352295,【说唱】镌刻在RAP里的伤,SG丶我叫张坏坏,13万,https://music.163.com//playlist?id=3227352295,华语、说唱、伤感
2903182988,〖提神醒脑，抗疲劳〗燃说唱\持续更新,赛赛尔啊,202万,https://music.163.com//playlist?id=2903182988,欧美、另类/独立、说唱
2959481309,【伤感Rap】你到底爱不爱我？,StruggleRampant,22万,https://music.163.com//playlist?id=2959481309,伤感、说唱
5134694715,iann dior,Uaxswill-fake,1057,https://music.163.com//playlist?id=5134694715,说唱、欧美、R&amp;B/Soul。更多相关热门精选歌单推荐尽在网易云音乐
2186166423,【Hip-Hop】西海岸精选,大意黄多多,360万,https://music.163.com//playlist?id=2186166423,欧美、说唱、90后
2326852397,她像是含苞待放的花骨朵儿,吃la条吗,108万,https://music.163.com//playlist?id=2326852397,说唱、华语
4871653208,【FREE BEAT 】免费说唱伴奏丨最全&放心用,Rinki1106,14万,https://music.163.com//playlist?id=4871653208,说唱、兴奋、R&amp;B/Soul
2545344889,爱意藏在rap里【甜甜的说唱】,朴素而天下,16万,https://music.163.com//playlist?id=2545344889,流行、说唱、浪漫
2029498041,f 事  意,鬼熊,63万,https://music.163.com//playlist?id=2029498041,说唱、驾车、酒吧
987207613,“Rap Beat”「高质量精选/说唱伴奏/持更」,raiseyouredge,150万,https://music.163.com//playlist?id=987207613,说唱、流行、R&amp;B/Soul
2423939332,旋律说唱丨循环系列,Selected音乐,1629万,https://music.163.com//playlist?id=2423939332,说唱、R&amp;B/Soul
4926388301,酷中带甜 | Rapper温柔情话,芙木2046,116万,https://music.163.com//playlist?id=4926388301,华语、浪漫、说唱
5100382769,【温柔男友音】说唱rap男孩 单身酷女孩必备,_奶熊喝奶了嘛_Baiz,187,https://music.163.com//playlist?id=5100382769,说唱、孤独、运动
3237394952,NiuLai_Music Free beat合集,NiuLai_Music,12590,https://music.163.com//playlist?id=3237394952,华语、说唱、榜单
2420403391,Rapper的情歌最甜的糖,香蕉之城,189万,https://music.163.com//playlist?id=2420403391,华语、说唱、浪漫
2827772008,节奏强心剂｜一秒入耳的白人Rapper,十三逆旅Cobain,198万,https://music.163.com//playlist?id=2827772008,欧美、说唱、R&amp;B/Soul
3086778637,注入灵魂|当神级说唱遇上天籁HOOK,Unexplainable,112万,https://music.163.com//playlist?id=3086778637,说唱、流行、欧美
3192015387,R.1.S.E,你经历过绝望吗,12296,https://music.163.com//playlist?id=3192015387,华语、流行、说唱
2786240378,华语说唱：撩得你无法自拔,小攀哟,292万,https://music.163.com//playlist?id=2786240378,华语、流行、说唱
2311578962,AY罾腥 BigYear大年 满舒克 永彬Ryan.B,Bridez,26万,https://music.163.com//playlist?id=2311578962,说唱、流行
4894491174,Rich Brian七哥（网恋选他！）,XXX丸d,3866,https://music.163.com//playlist?id=4894491174,欧美、快乐、说唱
4909785318,??Rap BEAT??――【说唱伴奏】CHILL,KIND_CQ,74万,https://music.163.com//playlist?id=4909785318,说唱、R&amp;B/Soul、轻音乐
2438241393,【Hiphop】Young&dumb旋律嘻哈（有、杂）,JN_MEICHIGGA,23万,https://music.163.com//playlist?id=2438241393,说唱、华语、欧美
4865352738,想和你一起听甜甜的歌,#NAME?,16万,https://music.163.com//playlist?id=4865352738,华语、说唱、浪漫
5046840671,Hello mother fk whats my name,SwaggysP,11万,https://music.163.com//playlist?id=5046840671,说唱
2694561521,轰炸机boombap beat,大鹏的宇宙,61万,https://music.163.com//playlist?id=2694561521,说唱、爵士、R&amp;B/Soul
5166733889,『说唱』感受说唱的魅力#持更,寒轩墨染,37,https://music.163.com//playlist?id=5166733889,欧美、说唱
5010470270,Cloud Rap｜揉碎月亮撒向云雾,GnaScheY,85万,https://music.163.com//playlist?id=5010470270,欧美、说唱、摇滚
3008316422,说唱beat 慢摇 free a7,爱感冒的a7,11万,https://music.163.com//playlist?id=3008316422,华语、流行、说唱
2614213256,Free beat(放心使用),就叫狮子咯,33万,https://music.163.com//playlist?id=2614213256,说唱、另类/独立
2740188436,『欧美』当女性称霸Hip-Hop,SolanaRowe,279万,https://music.163.com//playlist?id=2740188436,欧美、说唱、流行
2886810780, 的 要 命（抑 d 且 j）,抑d症不是患者,233万,https://music.163.com//playlist?id=2886810780,夜晚、孤独、说唱
5159916815,【Drake】如何成为鸭孝子？,美国Billboard周榜,439,https://music.163.com//playlist?id=5159916815,欧美、说唱、R&amp;B/Soul
2851691079,华语说唱：就是要个性，就是skr！,洋溢-左边的幸福,50万,https://music.163.com//playlist?id=2851691079,华语、说唱、兴奋
2621595367,40首「硬核」健身【核精神氮泵】,Rabbit-Run-,27万,https://music.163.com//playlist?id=2621595367,说唱、运动、金属
4969139332,Beat 说唱伴奏,SamueWang87,14万,https://music.163.com//playlist?id=4969139332,说唱、R&amp;B/Soul。更多相关热门精选歌单推荐尽在网易云音乐
2714443966,【滑板必备】风格滑手必听,CCardi_bb,67万,https://music.163.com//playlist?id=2714443966,说唱、R&amp;B/Soul
2968259437,【Hybrid Trap】过载高压,SetK_Official,11万,https://music.163.com//playlist?id=2968259437,电子、另类/独立、说唱
5168645045,Rap&Trap&R&B&Hip Hop|| 欧美向,Rich-Kiki,51,https://music.163.com//playlist?id=5168645045,欧美、说唱、R&amp;B/Soul
5101360599,易燃易炸裂 | 用Freestyle回怼全世界！,偏爱C-HR,27万,https://music.163.com//playlist?id=5101360599,说唱、兴奋
2480761429,HipHop｜R&B 持m更新,_始T明天,12万,https://music.163.com//playlist?id=2480761429,说唱
4942370603,90s/00s/Hip Hop/Boom Bap,c0de731,5639,https://music.163.com//playlist?id=4942370603,说唱
2238567706,【免费Beat】Old school X Boombap,姜宇晨-,209万,https://music.163.com//playlist?id=2238567706,说唱、怀旧、经典
577714803,一个水瓶座的听歌列表.,狗的猫宁吖,442万,https://music.163.com//playlist?id=577714803,华语、流行、说唱
4895907284,「Emo/Cloud Rap」坠入云雾的情绪黑洞,丨IIIIIIIIII丨,4711,https://music.163.com//playlist?id=4895907284,欧美、说唱、伤感
3092696132,“丧 到 极 点”（精选 持续日更）,双向情感障碍II型患者,19万,https://music.163.com//playlist?id=3092696132,说唱、R&amp;B/Soul、孤独
2582503700,“自卑的人通常孤独”,枪决心动,127万,https://music.163.com//playlist?id=2582503700,说唱、伤感
2841424429,脏标E大赏【续更】,Linskual,92万,https://music.163.com//playlist?id=2841424429,欧美、说唱
3097889560,? Rangsiz ?夹缝中生存?绝境中逆袭,Ablajan-Awut-Ayup-资讯站,74725,https://music.163.com//playlist?id=3097889560,说唱、民族、电子
5105375681,Rangsiz歌曲,麦同学-M,1220,https://music.163.com//playlist?id=5105375681,摇滚、说唱、电子
2665810791,我居然还在祈求你会回来。,小泽o__,269万,https://music.163.com//playlist?id=2665810791,说唱、孤独、伤感
2322980794,【超能高甜】你是唯一的小宝贝,野泽小熊,144万,https://music.163.com//playlist?id=2322980794,治愈、华语、说唱
2773489263,『断线』午夜心碎俱乐部,杰哥抽烟吗,82万,https://music.163.com//playlist?id=2773489263,华语、说唱、孤独
2897562585,【迷幻/慢摇】Psychedelic melody,820Emc2,451万,https://music.163.com//playlist?id=2897562585,夜晚、浪漫、说唱
2391407782,Boombap伴奏收投稿,Swwwyxxx,100万,https://music.163.com//playlist?id=2391407782,欧美、说唱
4863441255,来自 说唱歌手 的 糖果礼包,佐瑞史迪仔,12万,https://music.163.com//playlist?id=4863441255,华语、说唱、浪漫
5081117463,说唱伴奏/RapBeats/TypeBeats,PAGANIBEATZ,22万,https://music.163.com//playlist?id=5081117463,欧美、说唱、兴奋
4885132850,【你听得懂个锤子说唱】,青山火炬,24万,https://music.163.com//playlist?id=4885132850,说唱
2498421433,谁 不 想 一 爱 就 是 三 五 年.,希望每天的阳光都能照耀到你,14万,https://music.163.com//playlist?id=2498421433,说唱、孤独、夜晚
4931360762,撩妹专用★情歌说唱伴奏,咕_动态领取大量说唱伴奏_拒私信,10015,https://music.163.com//playlist?id=4931360762,说唱、感动、浪漫
2323877217,88rising「见识下亚洲」,被追杀的锐雯,496万,https://music.163.com//playlist?id=2323877217,说唱、兴奋、R&amp;B/Soul
2185993563,Rich Brian七哥,Hezekiah-,25万,https://music.163.com//playlist?id=2185993563,说唱。更多相关热门精选歌单推荐尽在网易云音乐
4866567634,高质量说唱伴奏 rap beat【精选国内外】,金桔1997,15万,https://music.163.com//playlist?id=4866567634,说唱、华语
2818687471,rich brain七哥,J-K-Jason,26047,https://music.163.com//playlist?id=2818687471,说唱、欧美
3218573457,公主rap&后妈联盟,_山鬼_乔乔,18155,https://music.163.com//playlist?id=3218573457,欧美、说唱
2876296331,Girls Power | 来自女rapper们的强势制霸,云音乐VIP,49万,https://music.163.com//playlist?id=2876296331,说唱、兴奋
2980447466,rap/节奏控/This is a revolution,奈奈yay,16万,https://music.163.com//playlist?id=2980447466,流行、说唱
5060706338,不用听说我这人确实不怎么样.,你的挽长-,6811,https://music.163.com//playlist?id=5060706338,华语、说唱、兴奋
4936694330,91乃万安利向 未来可期,不着棋,21万,https://music.163.com//playlist?id=4936694330,说唱、兴奋
3143808634,中 文 丧 X,AXXlXXA,13万,https://music.163.com//playlist?id=3143808634,说唱、伤感、孤独
2070820359,编号0616小行星,我没时间陪你玩了老实人zZ,107万,https://music.163.com//playlist?id=2070820359,说唱、流行、华语
5188423285,本人刷题时的学习歌单［欧美］,芝士和辣椒不可兼得-,17,https://music.163.com//playlist?id=5188423285,欧美、说唱、学习
5070814755,bbno$ 魔兽世界游戏时间专属BGM,bbnomula,13万,https://music.163.com//playlist?id=5070814755,欧美、说唱、New Age
5187089091,【nbcs系列】彩虹糖烂活翻译合集,JoynerLucas508-507_,46,https://music.163.com//playlist?id=5187089091,欧美、说唱
2434455421,【别废】活成自己的模样，你就是自己的冠军,恨铁不成钢-行胜于言-别骗自己,213万,https://music.163.com//playlist?id=2434455421,华语、流行、说唱
2627910156,情歌说唱| 让你怦然心动的瞬间,卿公子的字,147万,https://music.163.com//playlist?id=2627910156,华语、治愈、说唱
5184765481,SOUTH UNIT GANG,EVISAWEN,64,https://music.163.com//playlist?id=5184765481,说唱、华语
2317312244,【新手】超级适合写歌的beat,酷酷的鱼先生,58万,https://music.163.com//playlist?id=2317312244,说唱、电子、90后
5197018351,like you,你是世界给我的礼物,10,https://music.163.com//playlist?id=5197018351,说唱、驾车、下午茶
2811018932,W?a?v?e?2B?a?k?e?,Yojigenn_POKETTO,33216,https://music.163.com//playlist?id=2811018932,说唱。更多相关热门精选歌单推荐尽在网易云音乐
5003384883,Eminem推荐给你的经典！,DopeMusicCN,1208,https://music.163.com//playlist?id=5003384883,欧美、说唱、R&amp;B/Soul
5149712438,Linkin Park,LeonMatilda_Love,125,https://music.163.com//playlist?id=5149712438,欧美、说唱、摇滚
4908734924,New wave国产抽象悲痛男孩emo rap,烟雾男孩Smogboy,24万,https://music.163.com//playlist?id=4908734924,New Age、说唱、R&amp;B/Soul
2743052602,Nick Mira/ beat制作人,SNOWAHEI,95884,https://music.163.com//playlist?id=2743052602,说唱、欧美、伤感
4861036660,【精选】 那些令人迷醉的HIPHOP 单曲,-贤巴才让XBUG-,27万,https://music.163.com//playlist?id=4861036660,说唱、电子、兴奋。更多相关热门精选歌单推荐尽在网易云音乐
5001114877,?Rangsiz?Xapkat ?,WiSAL_-,2632,https://music.163.com//playlist?id=5001114877,流行、说唱、快乐
5005879513,殿堂级 old school说唱，顶尖狠货,Hardwell表弟,754,https://music.163.com//playlist?id=5005879513,说唱
5048934463,SHOW出位，焕我SOLO,第十代索纳塔,51万,https://music.163.com//playlist?id=5048934463,流行、民谣、说唱
5082924559,我只想让你成为我一个人的专利,尘世眷鸟ywaitq,658,https://music.163.com//playlist?id=5082924559,伤感、流行、说唱
2715585273,我不开心 :(,o病呻吟纟,20万,https://music.163.com//playlist?id=2715585273,孤独、伤感、说唱
2932583782,Cherish二姗,#NAME?,45万,https://music.163.com//playlist?id=2932583782,说唱、民谣、夜晚
2894152598,G.E.M.邓紫棋-中国新说唱Rap,-煌W仔,11万,https://music.163.com//playlist?id=2894152598,华语、说唱、驾车
2337059386,杀手也会掉眼泪,仇鸣,753万,https://music.163.com//playlist?id=2337059386,说唱、榜单、流行
3033668435,Tik Tok bgm(持续更新),HelloVampire0,25万,https://music.163.com//playlist?id=3033668435,流行、欧美、说唱
3233774888,XXL Freshman Class | 历年HipHop新人盘点,日光岩下,8398,https://music.163.com//playlist?id=3233774888,欧美、说唱、榜单
4935829529,J.cole全作品,Nahnow,6664,https://music.163.com//playlist?id=4935829529,欧美、说唱
4900432932,『free beat』[Travis Scott Type Beat],林北RIG,2115,https://music.163.com//playlist?id=4900432932,说唱、放松、快乐
3185633966,男说女唱 I 含糖度39%,一只喵喵喵星人,95万,https://music.163.com//playlist?id=3185633966,华语、说唱、浪漫
2353138113,一份超级温柔的歌单,QMJASN,66万,https://music.163.com//playlist?id=2353138113,民谣、说唱、韩语
2471792593,『免费Beat高质量』 Free Beat 免费伴奏,今天林析早睡了吗,66万,https://music.163.com//playlist?id=2471792593,说唱、雷鬼、爵士
5147044261,说唱/饶舌/散装rap.,为什么好昵称都被注册了,280,https://music.163.com//playlist?id=5147044261,说唱
3191345084,这是世界上即将绝迹的歌单,秦健植Jz,12万,https://music.163.com//playlist?id=3191345084,说唱、流行、摇滚
3195405516,"说唱小甜歌儿,像樱桃味儿汽水",娃哈哈zZzZ0110,24万,https://music.163.com//playlist?id=3195405516,华语、说唱、浪漫
4937350851,[丧?情RAP｜苦情雅致] 灵魂的故事,NEWkillerJ,10万,https://music.163.com//playlist?id=4937350851,华语、说唱、伤感
3229119736,夜店、车载热曲,祁楠i,53万,https://music.163.com//playlist?id=3229119736,日语、说唱、金属
2196397364,沉迷Luh Kel?（旋律天才）,那是我仅有的温柔和爱你的原因,494万,https://music.163.com//playlist?id=2196397364,R&amp;B/Soul、说唱、欧美
2941314860,Emotional Compound??,JOEEP,12万,https://music.163.com//playlist?id=2941314860,说唱、夜晚、安静
2818461667,你 的 失 恋  台,自此所有的爱慕之意止于唇齿,47万,https://music.163.com//playlist?id=2818461667,华语、流行、说唱
2690349854,那些好听却记不起歌名的歌,小沈今天依旧困,873万,https://music.163.com//playlist?id=2690349854,说唱
3042291829,与EMO有染/悲 喜 自 渡,FLAMEN_,14万,https://music.163.com//playlist?id=3042291829,说唱、R&amp;B/Soul
5198100449,【说唱】甜甜的rap?给甜甜的你?,网抑且猫咪,9679,https://music.163.com//playlist?id=5198100449,流行、说唱、R&amp;B/Soul
2340516607,美术生/画手绘画画歌曲大杂烩（开随机播放,MOBO顾,36万,https://music.163.com//playlist?id=2340516607,流行、说唱、校园
3223356089,The Kid LAROI,SNOWAHEI,4379,https://music.163.com//playlist?id=3223356089,欧美、说唱、放松
5197721145,subs啊subs,谌熹胖了十斤了,67,https://music.163.com//playlist?id=5197721145,说唱、华语
3160622149,2019 Top 10 by AR,AllThatRecords,17012,https://music.163.com//playlist?id=3160622149,说唱、R&amp;B/Soul
2808304114,超好听歌曲 丨都是精选,那就当个妖怪,392万,https://music.163.com//playlist?id=2808304114,说唱、治愈、伤感
5200465431,A$AP Rocky ― 当代Feature之王,小兜葡,10,https://music.163.com//playlist?id=5200465431,欧美、说唱。更多相关热门精选歌单推荐尽在网易云音乐
3139345367,是朝九晚五的玩物也是万物,02Eye,12万,https://music.163.com//playlist?id=3139345367,说唱、夜晚、流行
2986300351,男声-喜欢毫无理由的护短以及潜意识.,梓星文案馆,93万,https://music.163.com//playlist?id=2986300351,流行、说唱、翻唱
2234859384,一个射手座的听歌列表,扑你怀里zh,24万,https://music.163.com//playlist?id=2234859384,流行、说唱
2131834162,【偶像练习生】音源,单向警告,160万,https://music.163.com//playlist?id=2131834162,华语、流行、说唱
2424387921,冬日相遇 春日相见‖大厂女孩の独家回忆,奶盐气泡苏打水,133万,https://music.163.com//playlist?id=2424387921,华语、流行、说唱
3091004447,R1SE作品集,TayWin,16万,https://music.163.com//playlist?id=3091004447,华语、流行、说唱
2767510031,伤感‖徒手摘星 爱而不得,养殖月亮,141万,https://music.163.com//playlist?id=2767510031,说唱、流行、伤感
2141720445,这就是街舞3 BGM 这街3 高能炸场 [ 精选 ],成都高端炸曲,382万,https://music.163.com//playlist?id=2141720445,电子、说唱、舞曲
2806437445,真特妈令人着迷。,以顾淮,63万,https://music.163.com//playlist?id=2806437445,性感、流行、说唱
4956187861,低谷.我陪你走过的路你不能忘,李乐颜不在,15万,https://music.163.com//playlist?id=4956187861,华语、说唱、伤感
5197896772,天堂向左 音乐向右,南门的梦,15,https://music.163.com//playlist?id=5197896772,说唱
3126320744,高以翔Godfreygao喜欢听以及唱过的歌曲,Pattizhang,14万,https://music.163.com//playlist?id=3126320744,说唱、R&amp;B/Soul
4987446830,“DAVE”说唱王戴夫|原声,发和手,3451,https://music.163.com//playlist?id=4987446830,说唱、影视原声
5089505767,【说唱】、Smooth talker,我不敢喝雪碧怕透心凉丶,102万,https://music.163.com//playlist?id=5089505767,说唱、兴奋、游戏
5068557850,节奏摇摆丨我放的歌和天气一样火热,原创君,56万,https://music.163.com//playlist?id=5068557850,华语、说唱、清新
3159597272,伤 感 独 白 语 录,跟甜甜鬼混啊,16798,https://music.163.com//playlist?id=3159597272,说唱、夜晚、伤感
2656667116,永远NINEPERCENT,全村希望0220,35万,https://music.163.com//playlist?id=2656667116,华语、流行、说唱
4861381735,好听到单曲循环,我们再重蹈覆辙好不好Re,68万,https://music.163.com//playlist?id=4861381735,华语、流行、说唱
2533619098,一个巨蟹座的听歌列表,欢欢酱-,80万,https://music.163.com//playlist?id=2533619098,浪漫、说唱、华语
2386920359,大厂男孩回忆杀,拼了命的南g,68万,https://music.163.com//playlist?id=2386920359,说唱、00后、翻唱
2337798106,你?还?在?吗?？,还以为你不一样,168万,https://music.163.com//playlist?id=2337798106,榜单、说唱、流行
5199447317,Capper＆Nineone,JStignxxk,6,https://music.163.com//playlist?id=5199447317,说唱、流行
2143445017,NINEPERCENT?百分九男团,星语墨白,24万,https://music.163.com//playlist?id=2143445017,流行、说唱、舞曲
2334294410,NINEPERCENT,我酒是真的啊,16万,https://music.163.com//playlist?id=2334294410,华语、流行、说唱
2768733289,【俄语车载】车载必备 ????,Save_AJ,39万,https://music.163.com//playlist?id=2768733289,说唱、世界音乐、酒吧
2815117218,直播歌单丨主播歌单丨直播歌曲,你的林先森丶,37万,https://music.163.com//playlist?id=2815117218,流行、说唱、网络歌曲
2499598373,Dark Trap黑暗陷阱舞曲.邪气逼人,朱古力ALTA,14万,https://music.163.com//playlist?id=2499598373,电子、说唱、舞曲
2070299050,偶像练习生|NINEPERCENT未完待续,夏普通-,1190万,https://music.163.com//playlist?id=2070299050,流行、说唱、R&amp;B/Soul
619437416,车载 俄罗斯FA7 开车必,xxxx_tKCR,226万,https://music.163.com//playlist?id=619437416,华语、小语种、说唱
4900028836,精选 | 好听的翻唱想和你一起听,围豆,62万,https://music.163.com//playlist?id=4900028836,华语、说唱、翻唱
5197465921,『说唱新世代』全收录-随节目更新,_恶人,19,https://music.163.com//playlist?id=5197465921,说唱、流行
4995068803,发现4月宝藏音乐丨硬地原创音乐榜4月榜,硬地原创音乐榜,92万,https://music.163.com//playlist?id=4995068803,华语、摇滚、说唱
3111915854,Juice WRLD 9 9 9,feisihnglaai,17万,https://music.163.com//playlist?id=3111915854,伤感、说唱、孤独
2649458308,伞学院The Umbrella Academy丨S1,Ferhat吸血鬼,45379,https://music.163.com//playlist?id=2649458308,说唱、影视原声、欧美
2117000561,「心理致郁向 极丧慎入」一个人 一座坟②,一勺白桃WZ,51万,https://music.163.com//playlist?id=2117000561,说唱、伤感、孤独
5191375940,药水哥 么么么么.,彭哥哈哈哈哈哈哈哈哈哈哈哈哈,46,https://music.163.com//playlist?id=5191375940,说唱、性感、兴奋
3102038199,音乐综艺Live，你的独家记忆,曲库小护士,47万,https://music.163.com//playlist?id=3102038199,华语、流行、说唱
5174583512,"""Rap Beats""说唱伴奏|破晓出品",DAWN_MUSIC2020,29万,https://music.163.com//playlist?id=5174583512,R&amp;B/Soul、说唱、电子
4898283174,迷人的郭老师啊,三岁很迷人呐-,65909,https://music.163.com//playlist?id=4898283174,说唱、兴奋、快乐
2516638150,华晨宇歌曲合集附加新歌,花小烟yu,159万,https://music.163.com//playlist?id=2516638150,说唱、治愈、摇滚
2666421704,在可爱的郊外电车沿线 除了春天闲人免入,空气很颓废,1121万,https://music.163.com//playlist?id=2666421704,R&amp;B/Soul、流行、说唱
3007995558,【Billboard】美国B榜最佳R&B/Hip-Hop合集,MusicalTimes,367万,https://music.163.com//playlist?id=3007995558,欧美、R&amp;B/Soul、说唱
5085085377,【Mix By Feavel】,宝贝丹吉尔,5009,https://music.163.com//playlist?id=5085085377,流行、说唱、R&amp;B/Soul
5136639352,用户1369305718的歌单,DelMi-502,372,https://music.163.com//playlist?id=5136639352,民族、民谣、说唱
2902128439,Urban ・ 历届格莱美精选集,蜜糖男孩,167万,https://music.163.com//playlist?id=2902128439,欧美、说唱、R&amp;B/Soul
2276431157,BilalEnwer单曲合集,楼兰-Music,15万,https://music.163.com//playlist?id=2276431157,小语种、流行、说唱
5176751829,BRC MIXTAPE I 【DELUXE】,自动迷美,40507,https://music.163.com//playlist?id=5176751829,说唱、流行、酒吧
883513117,【ET天团】来自火星的礼物?,林小崽yu,45万,https://music.163.com//playlist?id=883513117,华语、说唱、感动
3197428539,2020年〖爱情歌曲〗{ Muhabat Kuyliri },ablat正能量,11万,https://music.163.com//playlist?id=3197428539,说唱、舞曲、民谣
4935363680,骚灵制造｜Soul Digger,亏普,19万,https://music.163.com//playlist?id=4935363680,欧美、R&amp;B/Soul、说唱
2937762448,某幻君原创及翻唱「阴阳怪气帅气男神团」,某幻幻鸭,37万,https://music.163.com//playlist?id=2937762448,流行、说唱、翻唱
3230175028,薛之谦合集：你这么好看 我好像在哪见过你,张颜齐,3942,https://music.163.com//playlist?id=3230175028,说唱、华语、流行
5171632000,DTC大铜锤说唱厂牌,外道Heterodox,225,https://music.163.com//playlist?id=5171632000,华语、说唱
5014444593,MOODBOARD ? 2,JerryChuSonics,1758,https://music.163.com//playlist?id=5014444593,爵士、电子、说唱
4990357086,混音/母带 作品 MIX BY A-JOY,一A-JOY,21847,https://music.163.com//playlist?id=4990357086,说唱
5023107636,歌手-{Bilal Enwer}jimjit sheher,ali-habar艾力-海拜尔,16万,https://music.163.com//playlist?id=5023107636,民族、世界音乐、说唱
2981651115,JalalEnwer歌曲集,Jalal-Anwar,16760,https://music.163.com//playlist?id=2981651115,小语种、流行、说唱
4966267816,蒙古The Hu [ HUNNU / 匈奴 ]摇滚！,BaynErhet,2539,https://music.163.com//playlist?id=4966267816,金属、说唱、世界音乐
2335988612,一人之下『1～3季』,彩虹色海豚,132万,https://music.163.com//playlist?id=2335988612,流行、说唱、古风
2697913995,【催眠麦克风】角色曲（顺序见简介）,今天也快乐似神仙,72629,https://music.163.com//playlist?id=2697913995,日语、说唱、ACG
2714910183,催眠麦克风drama合集,GINnatsuku,38324,https://music.163.com//playlist?id=2714910183,日语、说唱、ACG
3142213766,Ghelite,Ser力科,11460,https://music.163.com//playlist?id=3142213766,欧美、说唱、清新
4939660766,【ヒプノシスマイク 催眠麦克风 Drama】,此Lovei很酱,1876,https://music.163.com//playlist?id=4939660766,日语、ACG、说唱
5075368746,【BPMT日系说唱】萦绕在耳边的霓虹声量,网易云音乐,3270,https://music.163.com//playlist?id=5075368746,日语、说唱、R&amp;B/Soul
5088015435,Young nash,All-Muhammad,91,https://music.163.com//playlist?id=5088015435,说唱
5188747641,《Show Me the Money9赛前热身》,幻境少女文知秀,37,https://music.163.com//playlist?id=5188747641,说唱、韩语、综艺
3039212012,『K-HipHop』躲起来的星星也在努力发光,眷丨,40万,https://music.163.com//playlist?id=3039212012,韩语、说唱、夜晚
2841490879,说唱 | Rap of Japan,#NAME?,14万,https://music.163.com//playlist?id=2841490879,日语、说唱
2311480037,DRB-ヒプノシスマイク-公式（持续更新）,Estelle_鸦弟,64万,https://music.163.com//playlist?id=2311480037,日语、兴奋、说唱
2637333276,【DRB 催眠麦克风】入坑向,顾泠汐Candice,39万,https://music.163.com//playlist?id=2637333276,日语、说唱、ACG
4910292652,Young-Nash【美国维吾尔说唱歌手】,PRADA-802,12976,https://music.163.com//playlist?id=4910292652,说唱、世界音乐、欧美
2946812655,『和风说唱』霓虹气息爆棚,Cation_H,39万,https://music.163.com//playlist?id=2946812655,说唱、日语
2420981951,催眠麦克风DRB〔不含drama〕,入g-|,57万,https://music.163.com//playlist?id=2420981951,说唱、日语
4879610964,怦然心动丨 颜嗓俱佳的rapper,HW98_,11万,https://music.163.com//playlist?id=4879610964,韩语、流行、R&amp;B/Soul
2787488727,韩国 Rap，R&B,#NAME?,72923,https://music.163.com//playlist?id=2787488727,说唱、R&amp;B/Soul、韩语
2790236524,『日语说唱』菊と刀 - 株式会社,Onyx丶,51万,https://music.163.com//playlist?id=2790236524,日语、说唱、放松
4867926094,「日语说唱」来自东瀛Rapper的Swag态度,丨IIIIIIIIII丨,30163,https://music.163.com//playlist?id=4867926094,日语、说唱
5180498969,今天韩国黑泡完犊子了吗?,泡菜小妹,38,https://music.163.com//playlist?id=5180498969,韩语、说唱
2548574378,伴奏/高质量/创作/填词/Beats(精选),士多啤梨少女Strawberry,22万,https://music.163.com//playlist?id=2548574378,电子、说唱、轻音乐
5104906754,日语说唱 | 夏日限定・摄取100%清爽旋律,灵魂超市收破旧灵魂没人要的灵魂,12万,https://music.163.com//playlist?id=5104906754,日语、说唱、清新
2017865404,权志龙（GD）,xxxibgdrgn__tg,762万,https://music.163.com//playlist?id=2017865404,韩语、流行、说唱
2431147033,BIGBANG 热门50单曲,这样的无奈,289万,https://music.163.com//playlist?id=2431147033,韩语、说唱、摇滚
2332480013,『J-HipHop』日语说唱精选集,Rootskool杂货铺,11万,https://music.163.com//playlist?id=2332480013,日语、说唱、R&amp;B/Soul
2227418916,制作人SUGA闵j其作曲作词合集,七二四一四八,88万,https://music.163.com//playlist?id=2227418916,韩语、流行、说唱
2887647769,『东方Hip-hop选』东方说唱乡 嘻哈无极限,荼丨熙,11万,https://music.163.com//playlist?id=2887647769,日语、ACG、说唱
5075407340,【BPMT日系说唱】就怕Rapper说情话,网易云音乐,8289,https://music.163.com//playlist?id=5075407340,日语、说唱、R&amp;B/Soul
2209931511,【BTS】防弹|韩语|出道至今|持更★,ARMyphoria伊,85061,https://music.163.com//playlist?id=2209931511,韩语、流行、说唱
2740410791,嘉尔宝贝的烟嗓狙击_,硬汉小粥,28万,https://music.163.com//playlist?id=2740410791,说唱、流行、摇滚
2222306417,神  不 在 今 日 救 わ れ な い,水色蜃萋,95万,https://music.163.com//playlist?id=2222306417,日语、说唱、学习
2964707012,王嘉尔｜烟嗓狙击,#NAME?,42万,https://music.163.com//playlist?id=2964707012,流行、说唱
5019336453,【日系炫酷】迎面吹来一阵夏日旋风,云音乐樱花酱,53万,https://music.163.com//playlist?id=5019336453,电子、说唱、雷鬼
2537534547,防弹作给阿米的电话铃声‖前奏向,酸奶国国王,94万,https://music.163.com//playlist?id=2537534547,韩语、流行、说唱
5075388479,【BPMT日系说唱】让音乐带走翻滚热浪,网易云音乐,70516,https://music.163.com//playlist?id=5075388479,日语、说唱、R&amp;B/Soul
2516361622,(G)I-DLE所有歌曲合集,CONNee-Ya,164万,https://music.163.com//playlist?id=2516361622,韩语、流行、说唱
5012672940,就想听听霓虹味日本说唱,阪口珠美快出写真呀,3610,https://music.163.com//playlist?id=5012672940,日语、说唱、流行
2304323398,超好听的韩语歌单～,Vctoriary,115万,https://music.163.com//playlist?id=2304323398,流行、韩语、说唱
4927316253,【企划】Paradox Live,切糕和狗花,7772,https://music.163.com//playlist?id=4927316253,说唱、日语
4940083182,【Paradox Live パラライ】,此Lovei很酱,1145,https://music.163.com//playlist?id=4940083182,日语、ACG、说唱
2112790092,【日系rap】绝对不能写作业听的歌单,栗原玄,102万,https://music.163.com//playlist?id=2112790092,日语、说唱
2207358224,megalo box原声+拳击电影，顺序调到最舒服,Johmmi,361万,https://music.163.com//playlist?id=2207358224,说唱、ACG
3226520433,斑斓蜜糖° 夏日午后的少女汽水,盐屑,12万,https://music.163.com//playlist?id=3226520433,日语、ACG、说唱
4885492466,Paradox Live,青珩猫AOINEKO,7277,https://music.163.com//playlist?id=4885492466,日语、说唱、ACG
4870093936,Paradox Live（更新至7.29battle）,浅田_瑞穗,11万,https://music.163.com//playlist?id=4870093936,日语、ACG、说唱
2624159827,蒸汽波 怀旧 复古 银河骑士李老板 传琦,小莱峰,15万,https://music.163.com//playlist?id=2624159827,90后、说唱、日语
2854505390,-〖比拉力 艾尼瓦尔〗 {Bilal Enwer},Abdu-xx,48万,https://music.163.com//playlist?id=2854505390,说唱、民族、轻音乐
5056438080,kandak kiliman,uynahxa-,3316,https://music.163.com//playlist?id=5056438080,流行、说唱
5080630772,TensBeats「chill & jazz」欢迎来聊,TensBeatsStudio,43922,https://music.163.com//playlist?id=5080630772,说唱、学习、旅行
494703672,R E L A X,SAILL9,11万,https://music.163.com//playlist?id=494703672,欧美、说唱、R&amp;B/Soul。更多相关热门精选歌单推荐尽在网易云音乐
4862775280,宝藏冯政&424,小奕同学2004,11万,https://music.163.com//playlist?id=4862775280,说唱
2565213513,“精神刺客” Kc,心也漫漫,10万,https://music.163.com//playlist?id=2565213513,说唱、性感
3113215917,旋律说唱｜在我心头开了一枪,RT碎冰冰,10万,https://music.163.com//playlist?id=3113215917,说唱、流行、浪漫
3221003325,VIP专享歌单,李⒘,99815,https://music.163.com//playlist?id=3221003325,流行、说唱
5128791065,就都是很棒的女生rap.甜甜的咸咸的歌,BabyG野猫-SEV,99908,https://music.163.com//playlist?id=5128791065,华语、说唱、性感
4930835853,乃万＆Capper,栀染的染七,99593,https://music.163.com//playlist?id=4930835853,说唱
3203347140,音乐小陷阱歌单,音乐小陷阱,97669,https://music.163.com//playlist?id=3203347140,说唱、R&amp;B/Soul、浪漫
4979552855,"都没火,但都不差",Jungle_Official,97623,https://music.163.com//playlist?id=4979552855,华语、说唱、R&amp;B/Soul
3231396966,Free Beat/免费说唱伴奏・Prod By. XBEATZ,XBEATZ,97535,https://music.163.com//playlist?id=3231396966,电子、说唱、流行
2815720027,谁不喜欢听说唱？来！一起上学威龙！,逃离宇宙-Nebula,95120,https://music.163.com//playlist?id=2815720027,说唱、快乐
4934721189,流行说唱/那些昔日的梦想实现了吗,论争,93167,https://music.163.com//playlist?id=4934721189,说唱、酒吧、运动
2937929039,rapper常有天才不常有,RICHMAP,93389,https://music.163.com//playlist?id=2937929039,欧美、说唱、驾车
2477863140,那些好听到爆炸的说唱啊,我没有熬夜,94943,https://music.163.com//playlist?id=2477863140,华语、说唱、夜晚
3068435314,严浩翔的hiphop取向狙击（持更）,派派子的夏天,92041,https://music.163.com//playlist?id=3068435314,说唱
2316505196,木秦老大的歌曲,陈想到底想不想,91168,https://music.163.com//playlist?id=2316505196,说唱
5101473937,很遗憾没能好好接受爱,Roy要努力,88841,https://music.163.com//playlist?id=5101473937,华语、说唱、夜晚
2141371007,一听到就想跳舞的hiphop音乐（持续更新）,爱丽狮1706,88274,https://music.163.com//playlist?id=2141371007,欧美、流行、说唱
2900520316,蹦迪专辑（白月光可以来了）,磊磊说他想我,86699,https://music.163.com//playlist?id=2900520316,电子、说唱、放松
3020373114,勒是雾都丨重庆说唱，说的批话，唱的文化,仲山奥理,85720,https://music.163.com//playlist?id=3020373114,华语、说唱、旅行
2674683266,一个射手座大魔王的听歌列表,IsobelHsu,85006,https://music.163.com//playlist?id=2674683266,00后、流行、说唱
2910040661,IN SIDE风格歌曲,imAiden-,83372,https://music.163.com//playlist?id=2910040661,说唱、欧美、酒吧
2633304709,不可错过的防弹Style_防弹少年团_入坑必听,Tmbmil247,78274,https://music.163.com//playlist?id=2633304709,韩语、说唱、流行
3147738326,天空是蔚蓝色，窗外有千纸鹤,银在odouk,77883,https://music.163.com//playlist?id=3147738326,华语、流行、说唱
4969813582,甜酷女孩专用歌单,siyisyz,77597,https://music.163.com//playlist?id=4969813582,欧美、电子、说唱
2884230478,脏标E歌曲收录 ?,-还酹-,77404,https://music.163.com//playlist?id=2884230478,欧美、说唱、流行
3226591979,「K-Pop」韩语给你的独特感觉,-Pony_Boi-,76468,https://music.163.com//playlist?id=3226591979,韩语、流行、说唱
2838053441,中国牛逼的Emo Rap,MISTERK_,76329,https://music.163.com//playlist?id=2838053441,伤感、说唱、华语
5000396213,最强尴尬王，新歌考神出炉！,山岛梨,73750,https://music.163.com//playlist?id=5000396213,快乐、说唱、华语
3231155528,说 唱 疗 养 站,你的阿叔-,70155,https://music.163.com//playlist?id=3231155528,孤独、说唱、伤感
4963476011,Lil Peep | 每人的每件事,中O殿大W士,70134,https://music.163.com//playlist?id=4963476011,说唱、伤感
3127661036,Copy说唱风格,#NAME?,69685,https://music.163.com//playlist?id=3127661036,说唱、放松、网络歌曲
2554821719,枪爷 | 饶舌里的摇滚明星,fenliebiao,67341,https://music.163.com//playlist?id=2554821719,欧美、说唱、摇滚
5023050796,超好听又小众的嘻哈音乐,陈陈陈小絮,66904,https://music.163.com//playlist?id=5023050796,说唱
2768807373,BigYear大年有点撩,顾野za_,67060,https://music.163.com//playlist?id=2768807373,华语、说唱、散步
2654123600,2020高考加油！（高考励志歌曲）,小白杨家的猫,64493,https://music.163.com//playlist?id=2654123600,说唱、学习、兴奋
3163536888,Beat丨耳膜炸裂 凶狠陷阱,Pomegranatea,61730,https://music.163.com//playlist?id=3163536888,华语、电子、说唱
2988656185,rap｜所以爱会消失对不对,情感文字君,60852,https://music.163.com//playlist?id=2988656185,华语、孤独、说唱
2962848474,韩综 | AOMG《signhere》持续更新中,EscapeSNOW,60688,https://music.163.com//playlist?id=2962848474,韩语、R&amp;B/Soul、说唱
3191007612,甜甜的恋爱【情歌说唱】,Double绒,59962,https://music.163.com//playlist?id=3191007612,说唱、浪漫、清新
3067381053,2019江小白YOLO厦门站,W-747,59445,https://music.163.com//playlist?id=3067381053,说唱
2946380515,?邓紫棋 / 说唱合集,颠颠呀,59176,https://music.163.com//playlist?id=2946380515,说唱
2898160165,『严浩翔』人间雪丽糍?颜艺双绝的漂亮弟弟,落落小fa,58710,https://music.163.com//playlist?id=2898160165,00后、华语、说唱
5027907754,〔Free Beat〕抒情｜悲情｜Emo Beats,#NAME?,58970,https://music.163.com//playlist?id=5027907754,伤感、说唱
3191062805,她也很温柔但风怎会低头,风也很温柔叭,57454,https://music.163.com//playlist?id=3191062805,华语、说唱、感动
4895068820,TERRY秘制小视频,Lil-terry,56715,https://music.163.com//playlist?id=4895068820,欧美、流行、说唱
3033297851,嘻哈星节奏《Rhythm+Flow》 AKA美国有嘻哈,大松宋嵩许,55715,https://music.163.com//playlist?id=3033297851,欧美、说唱
2815477626,【甜.软】rap纯音乐恋爱的节奏「持更」,Lofuoisa,53300,https://music.163.com//playlist?id=2815477626,浪漫、说唱、轻音乐
2636176525,我homie今晚超酷 妞跟他打招呼,吸血鬼大人_,53242,https://music.163.com//playlist?id=2636176525,说唱。更多相关热门精选歌单推荐尽在网易云音乐
5005352396,子午秘制小歌单,子午pipi,52658,https://music.163.com//playlist?id=5005352396,欧美、说唱
4998496444,甜甜的rap情歌～,小晗爱吃鳗鱼饭,52158,https://music.163.com//playlist?id=4998496444,说唱、清新
2879591110,△ 【慎用！高浓度肾上腺素】,冷音集,51826,https://music.163.com//playlist?id=2879591110,欧美、说唱、电子
5073929434,你拿什么感同身受,将温柔留给她,52280,https://music.163.com//playlist?id=5073929434,说唱、夜晚、00后
5079237963,游戏｜白给莽夫必备良曲,我依旧深爱着,50642,https://music.163.com//playlist?id=5079237963,流行、说唱、R&amp;B/Soul
923565622,禁 止 收 藏,妮蔻的铲屎官,52796,https://music.163.com//playlist?id=923565622,说唱、流行
2510242292,old schoolにpopすboombap说唱伴奏,坤鹏飞_,50171,https://music.163.com//playlist?id=2510242292,欧美、说唱
2633763962,达令～～达令达令达令,鸭鸭想吃橙子,48361,https://music.163.com//playlist?id=2633763962,说唱、日语、韩语
4938265173,遵义高质量说唱 | 贵州 | ZYC rap | 0852 |,不愿意透露姓名的李桑野,47555,https://music.163.com//playlist?id=4938265173,说唱、华语、00后
2808167728,Sand-中国风beats,三德Sand,43729,https://music.163.com//playlist?id=2808167728,华语、说唱
3172934994,『说唱伴奏』 把我的名字寄到你家户口本上,GA很帅,43187,https://music.163.com//playlist?id=3172934994,流行、说唱
3095365029,这歌单没名字直接听,苏染777,42821,https://music.163.com//playlist?id=3095365029,说唱
3192376788,trap freebeat rap伴奏（走心情歌内容）,YANG_羊小弟,42616,https://music.163.com//playlist?id=3192376788,说唱、流行、电子
3179681211,H a r d W o r k P a y s O f f//,_CANDi_CE,42406,https://music.163.com//playlist?id=3179681211,欧美、说唱、治愈
5073232196,纯正新生代黑人说唱,SCARBOIT,41981,https://music.163.com//playlist?id=5073232196,欧美、说唱、流行
5169031392,Tha Supreme意大利天才少年,山野山野山野山野山野,41603,https://music.163.com//playlist?id=5169031392,欧美、说唱、流行
5119940753,hiphop走进说唱,hiphop走进说唱,40671,https://music.163.com//playlist?id=5119940753,说唱、经典、放松
4936067692,青春有你2||歌曲合集☆,今日含金量,40490,https://music.163.com//playlist?id=4936067692,流行、说唱
3208660648,说唱伴奏?|?制作人眼中的好Beat,MoonVibeMusic,40238,https://music.163.com//playlist?id=3208660648,说唱、R&amp;B/Soul
4941799902,青春有你2//刘雨昕安崎乃万谢可寅喻言,#NAME?,40037,https://music.163.com//playlist?id=4941799902,说唱
5035719122,「夏」｜ 午夜的巨鹿路 / 午后的武康路,eeeeezus,39369,https://music.163.com//playlist?id=5035719122,欧美、说唱、R&amp;B/Soul
2306965552,玩游戏也需要有灵魂的BGM,虔i,38794,https://music.163.com//playlist?id=2306965552,说唱、摇滚
2293785579,Hiphop「说唱与Flow的奇妙碰撞」,RYI09,39730,https://music.163.com//playlist?id=2293785579,说唱、华语
4985844523,Travis Scott 堡垒之夜,稗___,37954,https://music.163.com//playlist?id=4985844523,欧美、说唱
3108435815,美术生/画室集训/熬夜画速写,低保真男孩拯救失眠,37786,https://music.163.com//playlist?id=3108435815,说唱、夜晚、学习
4955990858,英文说唱｜带有强烈节奏感的说唱歌曲,Geist7,37353,https://music.163.com//playlist?id=4955990858,说唱、流行
3168958322,据说真的有神 一定是木秦本人,极光女孩从不皱眉头,36727,https://music.163.com//playlist?id=3168958322,清新、清晨、说唱
3226479639,甜味说唱丨我的小朋友不用长大,顾奈文案馆,36572,https://music.163.com//playlist?id=3226479639,流行、说唱、浪漫
2449630178,Prod.by Giriboy‖ 作为制作人的吉利宝,leonisone,36320,https://music.163.com//playlist?id=2449630178,韩语、说唱
5118363737,往 宇 宙 中 发 送 了 想 你 的 信 号,笛蚨妓不著,36110,https://music.163.com//playlist?id=5118363737,说唱、浪漫、放松
5029718306,Night｜夜生活才刚刚开始,Metro_BoominWantSomeMoreFromME,35959,https://music.163.com//playlist?id=5029718306,说唱、R&amp;B/Soul、夜晚
5024924627,GOOD GIRL 韩综,奔跑的小炸鸡,35627,https://music.163.com//playlist?id=5024924627,韩语、说唱、综艺
5038659057,Chill Beat | 抒情说唱伴奏,DKONENG,35870,https://music.163.com//playlist?id=5038659057,说唱、华语、放松
2734078808,人 性 本 | 皮  甜 迷rap,珊珊_Bella,35929,https://music.163.com//playlist?id=2734078808,说唱、另类/独立、孤独
3140988782,G.E.M.邓紫棋丨摩天动物园,慕容柒墨,34514,https://music.163.com//playlist?id=3140988782,华语、流行、说唱
5134762106,Rap|夏日的遗憾会被秋风的温柔化解,冬偶,33707,https://music.163.com//playlist?id=5134762106,孤独、说唱
2922495382,(G)I-DLE烟嗓宋雨琦,柠檬水爱动漫,33724,https://music.163.com//playlist?id=2922495382,韩语、说唱、性感
5096585857,【冷髂猩向】持续更新,SYCoverswag工作室,32628,https://music.163.com//playlist?id=5096585857,摇滚、说唱、R&amp;B/Soul
2981923614,NBA 2K20 安卓版背景音乐,凤凰拾少,32582,https://music.163.com//playlist?id=2981923614,欧美、游戏、说唱
4992997762,嘘 听说唱情话的样子,三石SSL,31360,https://music.163.com//playlist?id=4992997762,说唱、浪漫、华语
3104368606,【滚石杂志】2010年代最佳100单曲,TRIPHOPP,30221,https://music.163.com//playlist?id=3104368606,欧美、流行、说唱
2753915745,忘不了的是你.,Koki只想要钱,30133,https://music.163.com//playlist?id=2753915745,伤感、华语、说唱
2986571334,[伴奏] R&B Beats / Jazz Beats,NewWaveGirl,30020,https://music.163.com//playlist?id=2986571334,欧美、说唱、夜晚。更多相关热门精选歌单推荐尽在网易云音乐
3231598265,Lightskin Lil Wayne,SuoNaNuoBu,29020,https://music.163.com//playlist?id=3231598265,说唱、流行、酒吧
2721633452,rap伴奏！免费用C,YDTTG,28411,https://music.163.com//playlist?id=2721633452,说唱、流行、电子
2663192238,drb催眠麦克风MTC横滨组全收录,北佑南佐,28428,https://music.163.com//playlist?id=2663192238,说唱、日语、ACG
2917094357,SMTM8选手&导师作品showmethemoney,Syenyengyindaeyo,27979,https://music.163.com//playlist?id=2917094357,韩语、说唱、酒吧。更多相关热门精选歌单推荐尽在网易云音乐
2974090976,说唱伴奏（rap beat )炸裂,Hokchi_,27974,https://music.163.com//playlist?id=2974090976,说唱、兴奋、治愈
3052025977,成都小李PISSY,附近的小猫咪,27454,https://music.163.com//playlist?id=3052025977,华语、欧美、说唱
3204720807,17GOLDKEY说唱歌单,17GOLDKEY,26664,https://music.163.com//playlist?id=3204720807,华语、说唱、00后
4999633913,欧子-姜｜音时独行（新）,BALIS-y,25425,https://music.163.com//playlist?id=4999633913,说唱、摇滚、世界音乐
5104174752,说唱丨心动就在一瞬间,白咿呀白,25299,https://music.163.com//playlist?id=5104174752,华语、说唱、浪漫
4957087743,雨淋湿了天空毁的很讲究,人间极乐啊,25530,https://music.163.com//playlist?id=4957087743,流行、民谣、说唱
2684831779,Boombap匪帮,黑巧克力c,26114,https://music.163.com//playlist?id=2684831779,欧美、说唱
3028955658,Old School / 黄金年代 / Boom Bap / 狠货,ChestDeformity,24509,https://music.163.com//playlist?id=3028955658,说唱、欧美、运动
4921500847,好听的国语HIPHOP,M啊,23090,https://music.163.com//playlist?id=4921500847,华语、说唱
5059137148,Free Beat | 优质免费伴奏,Lil-AA,22800,https://music.163.com//playlist?id=5059137148,说唱、R&amp;B/Soul
4969006987,痰王Future表现超好的歌曲,IiIuzivert,22724,https://music.163.com//playlist?id=4969006987,欧美、说唱
2865105721,肖佳JonyJ,周伟什么时候能养猫,22775,https://music.163.com//playlist?id=2865105721,华语、说唱
5023733422,『说唱新世代』全收录,小薛鸭鸭,35324,https://music.163.com//playlist?id=5023733422,流行、华语、说唱
4893772669,R1SE周震南丨阿南专属歌单,手脚冰凉V,21775,https://music.163.com//playlist?id=4893772669,流行、说唱
2985681430,你讨厌坏天气-Plggy小著,名曰酷盖,21208,https://music.163.com//playlist?id=2985681430,流行、说唱、华语
5049802115,一个处女座男生的歌单,淼淼不熬夜-,21049,https://music.163.com//playlist?id=5049802115,流行、说唱、治愈
2769170120,【虎哥杠弯人】 撸铁训练BGM,虎哥杠弯人,20872,https://music.163.com//playlist?id=2769170120,运动、欧美、说唱
5163436388,〖值得学习的 HipHop说唱 顶尖Flow〗硬货,VV就是Double_V,20503,https://music.163.com//playlist?id=5163436388,华语、说唱、运动
4859348234,酷盖说唱【蹦迪必备】,善善的小麻雀,20179,https://music.163.com//playlist?id=4859348234,说唱、电子、流行
3022736345,Boombap beats,100Wes,19973,https://music.163.com//playlist?id=3022736345,说唱、欧美
3059046830,《印度有嘻哈》,china_nb_OtZ2,18306,https://music.163.com//playlist?id=3059046830,说唱、影视原声
2891787274,free beat 情歌beat,BZnine,18071,https://music.163.com//playlist?id=2891787274,说唱、R&amp;B/Soul
2980956647,YUZION―刘诗文,LilDragon_,17848,https://music.163.com//playlist?id=2980956647,韩语、说唱
4867552590,Manta刘柏辛lexie,jacky月亮湾,17575,https://music.163.com//playlist?id=4867552590,说唱、流行、欧美
4903571871,Melody Trap旋律陷阱 Emo说唱伴奏Beat,GT03-,16874,https://music.163.com//playlist?id=4903571871,说唱、另类/独立、伤感
2912889978,Woken Day,钟意乃万的狐狸,16324,https://music.163.com//playlist?id=2912889978,华语、说唱
4947431124,免费情歌说唱伴奏高质量(free),樱桃小丸子yys,16080,https://music.163.com//playlist?id=4947431124,说唱、R&amp;B/Soul、电子
3235943570,NiNeoNe,ThePojia,15782,https://music.163.com//playlist?id=3235943570,说唱、旅行、放松
3131480188,『全收录』ヒプノシスマイク-D.R.B-催眠麦克风,凛月x_Rirura,15496,https://music.163.com//playlist?id=3131480188,日语、ACG、说唱
4870649934,Les Twins’ HipHop /  台 有 搬 \,wvvww,15185,https://music.163.com//playlist?id=4870649934,欧美、说唱、舞曲
4952259193,【极近原版】免费/绝版欧美歌曲,Darth-R2,14879,https://music.163.com//playlist?id=4952259193,欧美、流行、说唱
2898444563,刘聪key.l,镜花水月何必愁,15001,https://music.163.com//playlist?id=2898444563,华语、说唱、榜单
4939866996,努力啊，高考干它,小沁在睡觉,13430,https://music.163.com//playlist?id=4939866996,学习、流行、说唱
3170097226,纪念佛罗里达最硬的黑人,Black-viewers,13228,https://music.163.com//playlist?id=3170097226,说唱、欧美、治愈
4914660452,遥遥万里也要做你的牵挂,盖世英雄大瑞呀,13211,https://music.163.com//playlist?id=4914660452,华语、说唱
3188355203,躁郁者福音|Trap Metal/Screamo Rap 2,FoG_XXxX,12581,https://music.163.com//playlist?id=3188355203,说唱、金属、治愈
3113515091,GTA5新电台iFruit Radio,M柒7,12586,https://music.163.com//playlist?id=3113515091,游戏、说唱
5090120360,你的大表哥曲甲,于航不要秃头,12464,https://music.163.com//playlist?id=5090120360,说唱
3233707700,阴 间 说 唱 灾 难 艺 术,刘熔熔,12355,https://music.163.com//playlist?id=3233707700,说唱、夜晚、清晨
3038626907,「Auto tune 」你想跟音乐触个电吗？,_-JeffreyY-_,11981,https://music.163.com//playlist?id=3038626907,欧美、说唱、另类/独立
4881242964,TYTN男团（too young too naive）,乱世有长安,11540,https://music.163.com//playlist?id=4881242964,综艺、电子、说唱
3088231152,“ 我已不是当初的如画眉眼”,HS0700,11330,https://music.163.com//playlist?id=3088231152,R&amp;B/Soul、说唱、轻音乐
2241015730,故事的开始是桑稚叫段嘉许哥哥[rap],#NAME?,11380,https://music.163.com//playlist?id=2241015730,说唱、散步。更多相关热门精选歌单推荐尽在网易云音乐
4970975435,这就是坠入爱河,SangBlack,10637,https://music.163.com//playlist?id=4970975435,欧美、说唱
3107210318,Ya 咸咸*BGM,快跟着我,10267,https://music.163.com//playlist?id=3107210318,欧美、流行、说唱
4988850556,超级好听的说唱歌曲|宝藏歌曲循环,BC-E,10187,https://music.163.com//playlist?id=4988850556,说唱、驾车、性感
4864893732,【Free】丧beats,Joker-34,10187,https://music.163.com//playlist?id=4864893732,说唱、伤感、孤独
3212392206,Pop Smoke，Tyga,眼闭则花寂,9595,https://music.163.com//playlist?id=3212392206,欧美、说唱。更多相关热门精选歌单推荐尽在网易云音乐
4882425536,FLOW好听的说唱,王承渲,9515,https://music.163.com//playlist?id=4882425536,流行、说唱
4885662568,Flow 私藏,高价猎犬,9427,https://music.163.com//playlist?id=4885662568,说唱、放松
5123930680,P-Valley脱衣舞俱乐部 Season.1 SoundTrack,葱花儿啊,9469,https://music.163.com//playlist?id=5123930680,欧美、说唱。更多相关热门精选歌单推荐尽在网易云音乐
4994450462,阴间说唱，抽象之神(看简介),The_Real_Big_X,9259,https://music.163.com//playlist?id=4994450462,说唱、华语、音乐剧
3183611509,对不起，我只爱地球,瑞泽啧啧,9167,https://music.163.com//playlist?id=3183611509,华语、说唱
4891115827,0greatocean0制作鬼畜说唱使用过的歌曲,JunoXu住参宿七上,9079,https://music.163.com//playlist?id=4891115827,欧美、说唱、兴奋
4936274154,notyour_kei,了了啦啦哦了伽李,8801,https://music.163.com//playlist?id=4936274154,说唱、翻唱、运动
2868240794,机不可失失不再来,坐怀花不乱,8255,https://music.163.com//playlist?id=2868240794,说唱、流行。更多相关热门精选歌单推荐尽在网易云音乐
4875546461,【EMO RAP】情绪说唱?忧郁孤独,SlimFey,8184,https://music.163.com//playlist?id=4875546461,欧美、说唱、另类/独立
4954640523,谢可寅给我冲鸭！,宣璐的棉花糖幼儿园A班助理,8066,https://music.163.com//playlist?id=4954640523,流行、说唱、摇滚
3116015447,【GTA5】电台《iFruit》,洛圣都交通LST,7592,https://music.163.com//playlist?id=3116015447,欧美、说唱、游戏
4980983000,他会和我分手然后say nono,他够温柔了,7214,https://music.163.com//playlist?id=4980983000,说唱、放松、榜单
3091674413,『郁抑症慎入 省,沫白先森-,7096,https://music.163.com//playlist?id=3091674413,日语、说唱、伤感
4990002511,懂 的 都 懂,lijingze__,6903,https://music.163.com//playlist?id=4990002511,说唱、华语
4963806642,（说唱）偶尔心动 惯性拒绝 习惯孤独,楠染吃个番茄,6613,https://music.163.com//playlist?id=4963806642,华语、说唱、孤独
3081528933,【叙事说唱】这不是歌，是电影,腻的男孩2Jay,6588,https://music.163.com//playlist?id=3081528933,华语、说唱、怀旧
4984902606,TRAVIS SCOTT'S ASTRONOMICAL,口零,6344,https://music.163.com//playlist?id=4984902606,欧美、流行、说唱
3224808516,[说唱] 抑 郁 怪 物 - 持更,ぬ已]N_,6336,https://music.163.com//playlist?id=3224808516,另类/独立、说唱、孤独
4948379583,Doja Cat豆荚猫,CapricornusBTS,6176,https://music.163.com//playlist?id=4948379583,欧美、说唱
4870767500,2019年土剧cukur,alibiya-112,6181,https://music.163.com//playlist?id=4870767500,说唱、清新、吉他。更多相关热门精选歌单推荐尽在网易云音乐
4875994427,NBA中被篮球耽误的rappers,AKA邦邦,6063,https://music.163.com//playlist?id=4875994427,说唱、R&amp;B/Soul、欧美
5092484525,NBA2k21 Soundtrack,VARERED,6004,https://music.163.com//playlist?id=5092484525,欧美、游戏、说唱
5048232447,【阿西月推】2020年5月必听的20首新歌,老阿西,5685,https://music.163.com//playlist?id=5048232447,欧美、流行、说唱。更多相关热门精选歌单推荐尽在网易云音乐
5084907792,Let me see you Deigei Deigei,-小癸-,5643,https://music.163.com//playlist?id=5084907792,说唱
4924680088,刘耀文严浩翔rap原唱,可爱女孩__,5013,https://music.163.com//playlist?id=4924680088,说唱、流行
4887039443,SYNC直播课歌单,David叶音,4816,https://music.163.com//playlist?id=4887039443,说唱、爵士、R&amp;B/Soul。更多相关热门精选歌单推荐尽在网易云音乐
4969011447,伤感Rap | 网 抑 云 的 夜 晚,无_题_ldj,4711,https://music.163.com//playlist?id=4969011447,说唱、夜晚、伤感
5134190340,【FREE BEAT】免费高质量说唱伴奏BEAT,BECU_MUSIC,4622,https://music.163.com//playlist?id=5134190340,说唱、R&amp;B/Soul、电子
3220806525,Hip-hop | 人   u C,人间不可浅尝,4459,https://music.163.com//playlist?id=3220806525,说唱、华语
5057934658,Origins.,JrSinner,4429,https://music.163.com//playlist?id=5057934658,说唱。更多相关热门精选歌单推荐尽在网易云音乐
4915487944,酷帕的说唱~Rap,-酷帕-,4223,https://music.163.com//playlist?id=4915487944,说唱、民族
4958372389,中国新说唱2020海选代表作,Pulsar0,4139,https://music.163.com//playlist?id=4958372389,华语、说唱、网络歌曲
2947597864,― R.a.p ―,#NAME?,4093,https://music.163.com//playlist?id=2947597864,说唱
5087576881,伽罗王唱过的歌,mi斯默,3934,https://music.163.com//playlist?id=5087576881,说唱、流行
5118183231,弹壳Danko,ZAMER99,3950,https://music.163.com//playlist?id=5118183231,华语、说唱
5044460708,那些热泪盈眶的瞬间,单衔,3278,https://music.163.com//playlist?id=5044460708,说唱、流行、伤感
5062377502,精选/一听就中毒的rapper,本秋ovo,3253,https://music.163.com//playlist?id=5062377502,说唱、运动、夜晚
4864596029,"陷入1,2,3_^就好的魔咒",Mt-Vesuvius,3157,https://music.163.com//playlist?id=4864596029,说唱、电子、爵士
5180073485,FREE走心说唱$BEAT$,-杨日怪-,3098,https://music.163.com//playlist?id=5180073485,说唱、电子、伤感
5069673846,rap说唱 唱出心中所想,骄傲很奈斯,3001,https://music.163.com//playlist?id=5069673846,说唱、伤感、华语
4943213390,乃万 and Rap,睡不醒的小旭i,2968,https://music.163.com//playlist?id=4943213390,流行、摇滚、说唱
5055413805,Gorgeous of rap,Tomgone,2879,https://music.163.com//playlist?id=5055413805,欧美、说唱
5045599751,当说唱歌手老了以后：姥爷的歌单,李蔬芬儿,2762,https://music.163.com//playlist?id=5045599751,说唱
5114795454,阴间说唱/喜剧说唱/RAP,_______真人_______,2690,https://music.163.com//playlist?id=5114795454,说唱、治愈、快乐。更多相关热门精选歌单推荐尽在网易云音乐
5147292382,中国新说唱2020 第一期,Instagram-美图社,2682,https://music.163.com//playlist?id=5147292382,华语、说唱
5057931742,Valorant/无畏契约/瓦罗兰特 游戏音乐,_____蛋挞,2657,https://music.163.com//playlist?id=5057931742,欧美、说唱、游戏
5010178735,R E O【8】,TANENWANG,2602,https://music.163.com//playlist?id=5010178735,华语、说唱、另类/独立
5123838271,说唱黄金年代 永远的90s’,WestCoast90s,2573,https://music.163.com//playlist?id=5123838271,说唱
3101722490,国产高级trap（autotune项）,HongHai_Zhao,2632,https://music.163.com//playlist?id=3101722490,说唱、华语、电子
5185538622,Miscellaneous,DThree9-,2422,https://music.163.com//playlist?id=5185538622,欧美、电子、说唱
4875057255,榜单杀神DaBaby,TrapTV,2396,https://music.163.com//playlist?id=4875057255,欧美、说唱、兴奋
3084824341,HYPEBEAST Radio,KinKinKinKinKinKinKinKinKin,2384,https://music.163.com//playlist?id=3084824341,摇滚、说唱、另类/独立
5103369565,100 Ways To Make You Smile【王嘉尔】,慕喊涵的日常,2333,https://music.163.com//playlist?id=5103369565,欧美、说唱、兴奋
5148162316,『宝藏』『说唱』,别看头像我是男的,8339,https://music.163.com//playlist?id=5148162316,00后、说唱
4916644665,Kyrgyz 说唱全集/Kyrgyz Rep,7GenFM,1976,https://music.163.com//playlist?id=4916644665,华语、世界音乐、说唱
